pair,hook1_type,hook1_tail_quote,hook2_type,hook2_tail_quote
CH0001+CH0002,crisis,然不是！” 路胜听出这是城门守备的军官在闲聊。 他时常都会故意路过这边城门，这里的军官守备士兵消息灵通，都喜欢到处拿稀奇事吹牛扯淡。 “这倒是巧了……”路胜脸上不动声色。他回想起之前那块玉石，心头一沉。 马车缓缓朝着城里最繁华的枯荣街驶去。,crisis,度太大，他就自己编了个简单的修改游戏武功的作弊器。 取名叫深蓝作弊器。说起来刚才那声声音还是他自己亲自用变声器录的。 没想到…… 然后路胜果断仔细去看方框内的界面。 界面极其简单，只有一个个小格子密密麻麻。 上边写着： 路胜—— 武学：无。
CH0003+CH0004,open,了……” 路胜点头。 “我只是，心里不踏实，做到自己能做的就好。” “胜哥明白就好。”赵大虎想了下，从怀里摸出一本小册子，那册子是用一层层的黄色布匹包裹着。 他细心的慢慢打开，将最里面的小册子露出来。 册子表面写着几个大字。 “黑虎刀法”。,crisis,的娘亲很早就病逝了。 从小就是二娘照顾他。 二娘刘翠玉性情柔和，待人极好，对他和对自己孩子没有丝毫不同。 “就是练武亏了点气血。没事。”路胜一一给家里人解释。 他是家中的长子，是未来要继承家业的顶梁柱，出了什么事，自然第一时间就会引发关注。
CH0005+CH0006,crisis,物的呜咽声。 呼！ 猛然一道黑影从侧面扑来，火把反光，照射出来的是一双绿油油的眼睛。 那黑影速度极快，一下扑到肉块位置，叼起肉就跑。 路胜心头一喜，便要动身。 忽然他后背一紧。 一股冷风打在背心上。 路胜双眼睁大，提着朴刀转身就是一记横斩。,crisis,安排我参加么？” 路胜却是打定主意要参加了。 寻常的凶徒，也没人敢惹路府。 路家光强壮丁勇就有三四十人，护院中还有赵伯那样的高手数人。 路全安老爷和官府衙门还有千丝万缕的联系，遇事还可以有军队帮忙。 这样的大户人家，还真不怕一般的什么凶徒。
CH0007+CH0008,reversal,胜说些城里城外流传的趣事异闻。 这也是路胜爱听的。 “老爷在吗？” 路胜下车付了钱，随口问道。 “老爷又去衙门了，知府大人召他，好像是要找什么东西。” 小八笑道。 “找什么东西？” 路胜这几日都在忙自己的事，却是没在意府里。 “什么东西？”,open,作。如果防御力真的和介绍的一样，那确实是件好东西。 他有心想要出价，但见价钱瞬间便快到了一千两，便只得忍住放弃，他真正的目的，还是下面的那本秘籍。 不能因小失大。 皮甲最后被那个背刀的赤发大汉买走。 紧接着，便是倒数第二件东西。 内功秘籍。
CH0009+CH0010,crisis,然是张家的人，但同时还有着另一层身份。 那就是紫华城外臭名昭著的狼盗，其中的一名大头目。 既然秘籍拍卖失败，那就索性硬抢，反正他也不是第一次干这种事，黑会也没人会给得拍者安全保障。 之后杀人抢到手，他还能平白节约上千两给自己用，何乐而不为？,crisis,侍卫说不定会饿死冻死在哪个角落呢。” 婉儿解释道。 “说起来，搭救婉儿的那位公子，也是和您一样武艺高强。” 端木婉轻笑起来。 “是吗？” 路胜一听便知道对方看到了他前面出手的情景。 “婉儿在黑会上，似乎见公子十分需要内功秘籍？”端木婉又道。
CH0011+CH0012,reversal,道。 “我老赵，在九连城也算有几分薄名，大公子你路家，也颇有财名，两相结合，应该能说动不少老家伙，把他们压箱底的绝学传出来，交给你。说起来，这些所谓绝学可都是能排得上三流的绝艺，大多不在黑虎刀之下。若是大公子有意，我倒是可以代为引荐引荐。”,question, 她话风一转，又道。 “至于是否有错漏修改处，这个就要看公子信不信婉儿了。否则就算是真秘籍，摆在公子面前，怕也会被嫌疑。” “婉儿姑娘所言不错。”路胜心头一喜，如果真如对方所说，三本秘籍都极易上手，那比起黑煞功，这三门功夫远远更加适合于他。
CH0013+CH0014,reversal,体内多了一条线。” 路胜试着控制这条线，发现这玩意儿似乎并不能往其他地方窜，只能固定在胸腹之间转圈。 而在这一丝内气转圈的过程中，他明显感觉到自己呼吸轻松不少，精神也要旺盛一些。 “入了门的内功，我看看……”路胜翻出秘籍来看了看上边的记录。,reversal,路胜又看了看另一门功夫，破心掌。 这门功夫显示未入门，外功和内功不同，只要记住招式心法，就能在修改器上显示项目。 而内功一定要先产生气感才能修改。 路胜打算先迅速提升玉鹤功，提高精气神总量，再来修改其他外功，这样一来，身体负荷也要轻松许多。
CH0015+CH0016,crisis,，按下修改键，然后精神集中在了玉鹤功的选项上。 “提升一层！” 选项上的状态顿时一跳，轻轻松松从一层，跳到了二层。 身体内部，一种被掏空的感觉猛然涌出，仿佛极短时间内纵欲过度很多次一样。 视线也有些头晕目眩起来，之前的那种潮热感又涌出来了。,reversal,全安认真道。 “沿山城？” 路胜一愣，他没想到老爹居然是要他离开九连城。 “是啊。”路全安点点头。“那里有我的一个老友，他前几日书信里提到，沿山城有中原名家高手开门授艺，你若是愿意，可去一趟那边，说不定可以带回来一两套中原真正的厉害武学。”
CH0017+CH0018,crisis,像样的，往这儿砍！这儿！” “你爷爷我站在这儿原地不动让你……” 哧！！ 刹那间一道银色电光一闪而过。 路胜手中的长刀一下化作轻灵的燕子，骤然跨越数米距离，一下从二头身上横切而过。 噗！ 一颗人头骤然飞起。 血撒了一地。 整个院子一片寂静。,crisis,是增强力道的，这就导致两人的刀势极重。 在最后那一下硬碰硬。 路胜右臂的肌肉也被震伤，后脚跟隐隐作疼，应该是高强度的爆发让脚筋也伤到了。 还有双肩因为短时间内连续爆发，全力使刀，加上最后一下硬撞，此时也传来阵阵痛楚，不知道是不是骨头伤到了。
CH0019+CH0020,reversal,如何？” 这大夫其实也是路家的远亲，只不过是分工不同而已。路府发达后，便将他们都召集起来。 “还好，只是一些皮外伤。将养个十天半个月就能好。” 大夫赶紧回答。 “那就好，到时候再问问他还去不去沿山城学武。” 路全安想到这个，心里也有些烦躁。,reversal,要有一丝气感，他就打算迅速提升内功，务必要让黑煞功真正形成自己实力的一部分。 就在这时，路全安匆匆忙忙带着两个家丁进入院子。 “胜儿，修养差不多了，今日就启程吧？” 路全安面色温和平静，手里提着一个黑色绸缎包裹。显然是为路胜准备的路上盘缠。
CH0021+CH0022,crisis,一热。 一股巨大的热流凭空出现在他体内，蛮横的开始循着十数条经脉狠狠窜动。 热流滚烫而烧灼，像是一条火焰在路胜体内流动。 他站在原地，脸色急速涨红，浑身皮肤跟着红起来，像是煮熟了的虾壳。 汗水大量的顺着全身毛孔渗出，然后化为白气，缓缓蒸腾。,reversal,慢缓过气来。 虽然身体还是很痛，无处不痛，一些新的经脉被黑煞功内气冲开，开始纳入循环网络，自然新的被冲开的经脉也需要修复，修复也需要时间。 但他现在的感觉。 就像是浑身上下充满了气，快要炸开一般。 “再试试！” 路胜站起身，抽出腰后的长刀。
CH0023+CH0024,reward,坏。 两人一路赶到九连城，小巧已经累得不行，中途还是路胜抱着她赶了一截路才支撑下来。 路胜现在修习黑煞功，再加上每日勤练刀法，身体远比以前强壮太多。 特别是黑煞功的刺激强化。 每一次在体内运转一圈，就感觉像是一团滚烫热气在体内滋养肌肉骨骼。,reversal,乎的小巷。 蜡烛光从进门右手面的书桌上照下来，将大半房间都照亮，却反倒衬托出那半开的木窗更加幽黑。 路胜走过去，探头从窗户望出去。 木窗外的巷子，正好面对着路府的一处侧门。 从窗口望外望去，可以清楚的看到一条笔直小巷直通有些荒凉的白色侧门。
CH0025+CH0026,question,和做试卷考出来的。和打斗没什么关联。 大宋重文轻武也是很多年来的陋习了。所以此时一家人的主心骨，都在路胜身上。 “放心吧。”路胜回想起自己看到的那一抹白色衣角，心头隐隐有了一丝预感。 如果能抓住那白色衣角之人，或许能解决人口不断失踪的案子。,crisis,闯入宅院时，造成的惨状便是如眼前这般差不多。 “今晚之事，谁也不准说出去！否则……”大伯路安平阴冷的看了周围人一圈。 “来人，把这里处理下，尽量不要留下任何痕迹。” 周围侍卫和家丁被他看得浑身一寒，此时还有地上的尸体威慑，顿时谁也不敢二话。
CH0027+CH0028,crisis,手相助。” “多谢大师，也替我谢过红莲主持。” 路胜回以微笑。 另外那道人则开口询问案情。 路胜一一回答。 颜开两人在一旁仔细听着，一边也在打量这个路胜。 “是受阴气侵袭，而且是才不久受的伤。” 颜开仔细观察后，看出这个路大公子身体的异样。,question,人来再多也没用，就算你练过一点武功，也只会成我等的拖累。武功对鬼物没用！” 颜开毫不客气，皱眉直言道。 听得一边的段蓉蓉冷汗直冒，万一惹火了眼前这个路公子…… 路胜还想说话，就被颜开打断了。 “好了不用说了，这不是你们普通人能掺合得了的。”
CH0029+CH0030,crisis,跟上！”他大声道，第二个跟着路胜走过去。 其余侍卫家丁一个个都有些心头发毛，可府里规矩如山，又不得不跟着于汉一起往前。 虽说有颜开挡在前面，还有大公子在前，但这些侍卫家丁一个个大多是雏儿，没见过血，能在这种阵仗里支撑着没跑路就已经很不错了。,question,了阳气支持，脑袋起码有一半以上的地方都没了生机，能活下来已经是奇迹了。这是那位道长说的原话。” 路胜心情沉到谷底。 抱着路轻轻站起身，又看了看其余两人。 这一男一女都模样俊俏俊美，身材也匀称漂亮，显然是这里的妖鬼专门留下来不知作何用途的货。
CH0031+CH0032,reversal,道。 “按我说，二姐这样或许还能好些……免得整天出去惹是生非……” 五娘的女儿路莹莹在一旁小声嘀咕。 其余人没听到，但路胜却是因为练武，现在五感敏锐，耳聪目明，听得清清楚楚。 他抬头严厉的瞪了路莹莹一眼。 后者被吓得身体一抖，不敢再说话了。,crisis,剑兵器的江湖人，也在附近四处闲逛，似乎在寻找什么。 这些江湖人一个个相互保持距离，眼里有着警惕之色，身上或多或少都有一些气势，显然都不是九连城本身的那些练家子。 他还看到，这些江湖人不时的会从废墟堆里翻找出一些乱七八糟的东西，迅速收入怀里。
CH0033+CH0034,crisis,见面就算值了。 “内功心法？那种玩意儿……有用么？”端木婉理了理秀发，将胸前往路胜挺了挺。“内功有什么好玩的，不如公子和婉儿进房，玩一些有意思的游戏……” “婉儿姑娘说笑了，在下需要什么代价才能得到那种内功心法？还请姑娘明示。”路胜沉声道。,question,续道：“道长，昨夜到底发生了什么？”路胜又询问一次。 颜开也不隐瞒，将之前端木婉说的那一番说辞一一道来。等到说完，已经是半个时辰后了。 他这次所说的，比端木婉还要详细，或许是想到坏了路胜几匹马有些不好意思，颜开也很认真的回答路胜的一些问题。
CH0035+CH0036,question,送你。” “……我先去城里看看吧……”路胜叹气。 城里他向不少师傅学过功夫，这趟出远门，论礼节是要前去拜访打招呼的。 路全安点头默许，便任由路胜处理了。 路胜拖着才提升内气，伤势未愈的身体，第二日一大早便出了门，在九连城内坐着马车绕了一圈。,reversal,“他们也是一片好意。”路胜笑了笑。他不是什么伪君子，也不是坐怀不乱，有漂亮女孩主动追求，自己本身也没有婚嫁。他也没抵触心思，便抱着顺其自然的念头。 特别是眼前这女孩明明最好的地方是长腿，在这里的人眼里却成了最差的地方。想到这里他便有些惋惜。
CH0037+CH0038,open,芸熙坐在一起，另外一起来的还有两个女孩，一个挨着宋振国，一个挨着另一个面色清冷的学院学生。看起来都是成双成对。 嘭！ 硕大的金色烟花，在寻阳楼外骤然炸开，于夜幕中化为一朵巨大牡丹。 “开始了！开始了！！”众人纷纷欢呼起来，起身涌到楼边观赏。,question,“有人吗？”路胜一眼望去，居然整个楼船里都看不到一个人。 “我记得刚才来时，这里没这么多红灯笼……”他双目微微眯起，心中有些发紧。 楼船上三层，每层五个房间，一共十五个房间，个个门口都挂了红灯笼。淡淡的红光将整个楼船内都染成红色，一片寂静。
CH0039+CH0040,crisis,感受了下新的内功，似乎随着爆发力的增强，玉鹤功原本的自愈能力也得到了丝丝强化。 “这已经不算事玉鹤功了，既然是融合了黑虎刀法劲力技巧，以后，就叫黑虎玉鹤功算了。” 他心中这么想着，顿时修改器上玉鹤功显示的名字，也缓缓变成了黑虎玉鹤功五个字。,question,他。“我知道你可能瞧不上我，但我真的很喜欢你……” 她咬咬牙，从腰囊里取出一卷有着铜印的纸张，轻轻展开。 “我父亲说了，听说路大哥你家里要搬迁大城，不如就搬过来这里。只要你愿意，这是沿山城十五栋酒楼的商契，便都是你的。足以让路家站稳脚跟。”
CH0041+CH0042,reversal,极有可能！”路胜也想到了，“别猜了，我们直接去画舫问问吧。” 宋振国闻言，点点头。 两人二话不说，再度拦了马车，直奔松柏江边，此时天色渐晚，正好是夜晚游玩喝花酒的时间。 宋振国带着路胜轻车熟路的找到了之前他们去过的那家画舫，名字叫莺莺画舫。,crisis,来，不让其他客人点她的单。为了这事，家里老父已经和他吵了不下十次。 一想到这事，宋振国便又头疼起来。 匆匆到了家，他下车付了钱，进了庭院，便朝自己房间赶去，一刻也不想看到家里任何人。 几个侍女下人见了他，正想问候打招呼，转眼便看不到他影了。
CH0043+CH0044,crisis,为官府势力强盛，对江湖人马管束较多，所以这里的高手反倒是官场中人和带兵将领来得多。 其中名气最大的，便是一气青峰剑鲁城钟。相比此人，其余人都只是陪衬，不过鲁城钟已经八十七岁了，三个儿子都是城内高官，根本不好接近请教。 这个首先便被路胜排除。,crisis,一股冰寒气息顺着手掌急涌入体内。 那冰寒气息，居然和之前他吸收那粉末时，感觉一模一样。 “好浓的阴气！”路胜心头一震，他把这种气息命名为阴气，而这块玉石中的阴气之盛，比他之前吸收的粉末还要强出太多，以至于他不用滴血也能靠着皮肤接触吸收很多。
CH0045+CH0046,open,穿得红红蓝蓝，多是些大叔大妈，敲鼓砸锣，喊着号子，正是熏缎节前的民歌预热，朝着城中心的方向慢慢赶去。 更让路胜无语的是，周围街边出来看热闹的民众，居然也一点不觉得吵，反而兴高采烈的跟着队伍走，有的还一起跟着唱。还专门有衙门的官差来维持秩序。,crisis, “嘻嘻嘻……” 忽然一阵尖锐的女子笑声从房间另一处出响起。 君儿猛然看过去。 房间自己的床铺上，不知道什么时候坐了一个浑身白裙的长发女子。 这女子一头黑发瀑布般垂下，将整个头和脸都遮住，看不到把那点面容。她的身子骨纤细得像一阵风就能吹倒。
CH0047+CH0048,crisis,，一刀再度砸烂墙壁，扑向白衣人。 他浑身血管隐隐凸显，浮现在全身表面，身上血气翻滚汹涌，整个人仿佛一下膨胀起来，比之前的体型足足大了一大圈，如同小巨人。 他手里提着那把刀，对比他的体型，就像是捏着根小树枝。刀身粗细甚至还没有小臂的三分之一。,reversal,月生和焦荣的性命。为了我和君儿的事，差点将你们两人牵扯进来。” “此事……怕是还不算完。”路胜却冲他微微摇头。 宋振国一愣，忽然看到路胜的视线落在自己身侧君儿身上。 他迅速转头看向君儿，却骇然看见，她原本实实在在的身体，正慢慢的变得半透明。
CH0049+CH0050,crisis,婉点点头，叹息一声，全然没了第一次遇到路胜时的从容妖媚。 “有的人，总以为自己胜券在握，什么话也听不进，什么事也只认为自己是对的。无论你找出多少证明，告诉他这是错的，都没用……你说，这样的人，是不是很讨厌？” 路胜沉默了下。 “是很讨厌。”,crisis,深蓝！” 修改器界面浮现出来，还停留在刚才吸收了阴气后的状态，每个功法后面都有着一个可以推演的按钮。 路胜略过其他武学，视线笔直落在黑虎玉鹤功上。 “黑虎玉鹤功：第三层顶峰。特效：快速止血。” 下面便是新出现的阴阳引。 “阴阳引：未入门。”
CH0051+CH0052,reversal,他啊。”陈焦荣摇头，“被抽中考生检查，早就进去了。最近不知道发生了什么事，那家伙好像受了什么刺激，开了窍一般，经义策论越来越精熟，这趟怕是要中。” “是吗？”路胜微微有些意外，还以为宋振国经历君儿之事后，会情绪低落失意，没想到还振作起来了。,reversal,头子算是谢礼。 “公子上道！”老头顿时眉开眼笑。“这赤鲸帮里强人不少，据说还是帮衙门管理沿山城治安的庞然大物，想必里面一定有人有办法解决公子的体质。” 路胜可不管这些，他想到的是更强的功法，赤鲸帮如果能混进去，或许能弄到比黑煞功还强的功法。
CH0053+CH0054,crisis,是北地最强，其余什么会什么门，都没法比。 “好吧，请去登记一下名字，年龄，擅长。”他直接给路胜指了指一侧右边的一扇小门。 “事先提醒一句，我帮中弟子想要习武，都是从宣武阁中习得，而进宣武阁，需要评定阁下的实力层次，和为帮中做出的贡献程度。”,crisis,救活之前，说什么话都是白费。 他看怪物一般看了眼路胜，摇头叹气，最终拍拍路胜肩膀，什么话也没说。 路胜有些无语，刚刚才升腾起来的一点热血，一下又沉寂下来。 他忽然有些明白自己现在的实力到什么层次了。 不是自己之前猜测的名宿，或许比那更强……
CH0055+CH0056,crisis,泉的，据说莫名其妙深夜去了一趟画舫，便再也没回来，前不久还闹腾得沸沸扬扬。” “这事我也听说了，我还问过上边要不要处理下，毕竟引起的恐慌太大。上边直接回答说，这事不用管，过阵子就会自己消停。”肖老接话道。 路胜双目一眯，心中隐隐有些明白了。,reversal,音有些虚弱，但还是中气十足，欣慰笑道。 “我赤鲸帮，就是因为如路小兄弟这般的英才不断加入，才能一直雄霸北地，屹立不倒。” “诸位也都见过人了，还请说说意见吧？”副帮主陈鹰也走上去，坐下自己的位置。 专门也有人引着路胜到侧面的一个座椅上坐下。
CH0057+CH0058,open,年。 高层大多是轮番担任一下外务使，当时的吴三就是如此，他才刚刚轮换上任，知道黑祸危险，为了谨慎起见，他带了足足一队人，一共五人，都是通力层次的好手，前往调查此事。 结果，吴三失踪了，他带过去的人，也都失踪了，之后他的尸体被发现在小树林里。,crisis,。 布满划痕的房屋柱子。 还有……石桥上站着的一个书生。披头散发，正双眼直瞪瞪盯着经过马车的灰衣书生。 路胜双目一下睁大，以他的目力，能够清楚的看到，那书生面无表情，双眼里满是血丝，脸色惨白，站在那里若不是眼睛睁着，都能让人以为他是个死人。
CH0059+CH0060,reversal,”路胜心中满意。“等这边事了，去宣武阁好好找找，或许能找到不少对我有用的免费武学。”他心中对赤鲸帮的宣武阁更加期待了。 抬起头，路胜再度朝着那庄子方向看去，他隐隐能感觉到，那庄子里面似乎隐藏了什么东西。 他决定在这里常驻几天，仔细调查清楚。,reversal,身影，路胜看了看破败的庭院，阴森的环境。 “难为这小家伙了。” “没想到这真有人住啊。”段蒙安感觉有些紧张。 “这庄子有人住很奇怪么？”另一人叫宁三，是路胜挑选来专门走这一趟的好手。 他们假借路人身份，便是打算来仔细调查这个庄子的内部情况。
CH0061+CH0062,reversal,下烛台，就这么走出房间，朝茅房方向走去。 黑漆漆的庭院里，到处都看不到灯光，也不知道其他人是都睡了还是怎么的。一个人声都没有。 路胜缓缓顺着走廊往外走，茅房的方向，一般是在房屋的后院。 他走出走廊，进到院子，绕到整个卧房的侧面，往后院走去。,crisis,死。 要不是李顺溪动手够快，这护卫也是小命不保。这下，包括龚如清和龚如梦在内的所有人，都对李顺溪越发佩服和依赖。特别是两个漂亮女孩的青睐，让李顺溪越发得意起来。 他也频频看向路胜。却见其依旧没有任何反应，只是似乎因为找不到人，面色越发凝重。
CH0063+CH0064,crisis,几个回合后，他居然有些抵挡不住。 他咬咬牙，从腰包里取出一根暗金色锥子，上边刻有细密的繁复花纹。 可看到梨花带雨的龚如清，他又下不来手。毕竟这女子只是被附身而已，这样下手，岂不是等于自己亲手害了一条性命？ 犹豫了下，他马上又被狠狠划了一刀。,crisis,面色瞬间青了。 “啊！！”段蒙安吓得赶紧把还站在身边的那个护卫推开。那护卫也是面色青白，身上散发出一股股腐臭。 宁三满头冷汗，一想到自己刚才居然和一堆死尸睡了这么久，他就心头打颤。 “走吧。”路胜看也不看一群护卫小姐，大步朝着厨房门口走去。
CH0065+CH0066,reward,居然一个也没有。 虽然处于黑夜，一片漆黑，但依旧阻挡不了路胜强大的目力留意到这细节。 前后结合一下，他便有了猜测，之后再一一仔细观察，还有闻到龚如清等人身上的气味，极其稀薄的淡淡气味，和那小女孩宋云娟身上一模一样。 结果自然便八九不离十了。,question,且打中几十下能消灭掉一头鬼物，就算不错了。像尸魄这样的鬼物中也算棘手的角色，居然被路兄双掌数十招内打得融化成黑水。李某还是第一次见。” 路胜也有些奇了。 “或许是我所练的功法阳性极强？” “敢问路兄，你练的内功是什么名字？”李顺溪好奇问道。
CH0067+CH0068,reversal,路胜毫不在乎。 “你果真和其他人不同……”老帮主洪明资笑道，“路兄弟实力非凡，我听欧阳长老他们说起过了。不过大家都是一个帮的，抬头不见低头见，没必要弄得这么僵。” “既然老帮主发话，若是和那公孙张兰动手，我便给他留点颜面好了。”路胜随意道。,reversal,相差不太大，他才心中感慨，知道以自己的实力，要当路胜师傅还是有些勉强了。 但看着这一位良才美玉，他又担心其以后又会为了其他武学离开赤鲸帮。 路胜能够因为武学加入赤鲸帮，一旦以后遇到更强武功，未尝不会因此离开。 所以他便想来想去，想出这一招。
CH0069+CH0070,crisis,个人便奄奄一息，躺在地上嘴里不断冒着血。 路胜站在原地，看了眼公孙静一起的两侧壮汉，这几人吓得浑身一抖，赶紧让开低头。 “公孙张兰那老家伙老是避开不和我打，这下看他还有什么理由龟缩不出！” 一阵大笑后，路胜带着段蒙安宁三一众人骑马扬长而去。,reversal,融合了两者特点，那么新功法就叫，阴阳玉鹤功吧。”路胜迅速给其命名。 新的阴阳玉鹤功，已经远远不是以前玉鹤功那种低级养生功，而是提升成了路胜也无法预料效果的高级养生功。 融合了多门内功的优点特色，这门新内功刚刚转化完毕，便让路胜感觉到了不同。
CH0071+CH0072,reversal,自家修为性命的关键，交给他人处理。就算是赤阳丹，他也找过医者询问成分。之后还拿兔子尝试过。 所以所有需要辅助药材的硬功都被他略掉。 硬功只有两个书架，一共十五本册子，这便是赤鲸帮收集的全部积累，其中通力境到通意境的都有，但更上的凝神就没了。,crisis,波浪涟漪。 他整个人如同炮弹飞射出去，双眼闪动兴奋的火花，轰然朝着前方沙滩射去。 那里，站着的公孙张兰后撤躬身，双掌虚合，浑身须发浮动，一股股肌肉筋膜不断发出弓弦般闷响，汇聚大量内劲在双掌之上。 他望着急速射来的路胜，眼底流露出冰冷的杀意。
CH0073+CH0074,crisis,前的所有刀招，强到几乎不像是一个人使的。 公孙张兰只感觉眼皮一片针刺般疼痛，刀刃太快，以至于在他眼中只留下一道残影。 来不及多想，他本能的抬枪挡在身前，枪尖抖动出朵朵枪花。 轰！！！ 刀枪撞击，发出的不是金属交击，而是内劲剧烈的爆炸震荡声。,crisis,仰又更一步提升。不过不知不觉间，他又把称呼改成了老大而不是公子。 “说了多少遍，叫我公子！”路胜顿时不满了。 “是是是……公子……”宁三脑门有点冒汗。 一旁的边宿两人面色怪异，想笑但怎么也不敢笑。 路胜懒得搭理几人，下了船去找老帮主两人了。
CH0075+CH0076,reversal,了……”段蒙安无奈诉苦道。 路胜也有些不爽，他修习这个九江铁索功已经半个月了，但还是没真正入门。 这门硬功走的是用钝器大力捶打身躯的路子。刚开始找来不少大力士捶打身体，效果好像还行，但现在还差一点入门练到入门时，却发现所谓的大力士不够用了。,question,倒是听过五小姐的事……”巧儿有些迟疑道。 “她现在怎么样？我记得家里也给她安排了一间书店作为收入生活吧？”路胜问。 “是……巧儿前不久去买香料时，还在旧唐园那边的街面上见过五小姐。”巧儿声音越来越小，“当时看到她和一个书生公子走在一起……”
CH0077+CH0078,crisis,国端坐下来不过半炷香功夫，居然真的安安静静入了定。 虽然这养生功入门很容易，号称一天就能有气感，但这入定速度未免也太快了吧？ 要知道一旦入了定，很快就容易有气感。 “路师，我感觉有一股细线在胸腹处来回循环自然流动。”刚想完，宋振国便开口了。,reversal,的寒露可不是闹着玩的。” “恩，赵叔你看那里，是不是有个村子？”路全安忽然朝着远处右侧指了指。 赵伯跟着望过去，只见墨绿色的山峦之间，官道边上，孤零零的有着一片土墙平房，似乎是个村落。只是看起来有些荒凉破落。 “过去看看，花点钱借助一宿。”
CH0079+CH0080,reversal,飞掠，但那些画面里都是男的向女的求婚，而让他没想到的是，陈芸熙这么一个大美女，居然主动到这个份上，专门定制了这么一枚精致的白玉扳指，向他求亲。 心头无奈了下，路胜还是冷静下来。 “抱歉，我给不了你想要的生活。”他轻轻将首饰盒合上，推了回去。,reversal,…” 哧！ 灯火缓缓被点燃，亮起淡黄色光亮。 “尘心？尘心？” 土屋内路天洋缓缓放下手里的打火石，借着油灯灯光看了看土屋内，天色都微微亮了，路尘心居然没在屋子里。 “这小子，又跑到哪去了？难不成是偷偷和秀秀胡搞了？”他揉了揉眼睛，打个呵欠。
CH0081+CH0082,question,下，一匹通体没有杂色的黑马，缓步走进小村子。 马上骑着一名气质温和，面带微笑的年轻公子。 “就是这里吗？”这公子脸上微笑不变，仿佛僵硬了一般，始终一个模样。 他一身青衫，手无寸铁，身上也没有悬挂任何兵刃，只有腰间系了一块墨绿翡翠，简洁朴素。,crisis,显得有些乱。 路胜松了口气，抖了抖缰绳，加快速度走过去。但还没走近，他一眼便看到，其中一辆马车上，居然挂着一个大红灯笼。 马车进出的车门上，挂着一个血红色的大灯笼，而透过车窗可以看到，里面隐约还挂了两个一样的红灯笼。 路胜的眼神一下凝固了。
CH0083+CH0084,crisis,，远离车厢。 刚刚站起身，又是一个红灯笼撞上来。 嘭！ 路胜一口逆血涌上喉头，顺着嘴角流出来，他连退数步，周身热气滚滚，刀刃和双手都全是滚烫内气。 左右看看，还是没找到人。 “怎么？这就没招了？”他笑了起来，指着自己额头，“来，朝这儿打。”,crisis,在前面官道上。 一路上路胜又仔细观察了两侧，强撑着剧痛，确定了车队后面的路还算安全，一直到了沿山城，他安排帮众前去接应家中车队，才由玉莲子扶着进了城外的金玉花房。 这里现在已经成了路胜半个据点，还雇了工匠开始在这儿重新建一栋阁楼，方便休息。
CH0085+CH0086,crisis,猜想真的能成真，那么就代表着阴气不光可以推演武学，还能用来直接提升武学境界。 “深蓝！”他迅速叫出修改器。 淡蓝色方框唰的一下出现在他眼前。 路胜视线迅速定位在了其中的赤极心法上。 “赤极心法：第五层，特效：强化火毒，双重震荡，强化引燃。”,crisis,这拘力是不是力量实力达到一定程度后，自然而然产生的自然反应。但后来发现不是。”洪明资眯起眼睛，“这拘力，不光有毒性，还是一种隔绝保护力量，它就像是一层鸡蛋壳，将那些不死的存在包裹得严严实实，不打破它，甚至连伤都伤不到他们。更别说破不死身。”
CH0087+CH0088,crisis,动下散散心。另一方面，是沿山城内的最大古玩店善宝堂，通知他有一批灰货刚到，请他前去挑选。 善宝堂是沿山城内一帮二会三门中涉林会的产业。 涉林会和赤鲸帮关系还行，在之前路胜便通知了他们，说自己想要一些从墓葬里发掘出来的物件，那边果断便留意了。,reversal,头，不知道怎么的，他此刻看路胜，总感觉和之前比换了个人似的。 如果说之前像是猛兽一般让人感觉危险，那么此时的外首，气息更浑厚，厚重，给人一种更加稳固和山一般的沉静。 “那就先送到这儿来，我亲自送回去。”路胜吩咐。无论如何，家里都要一个交代。
CH0089+CH0090,question,这是把他当真正的亲近之人对待。 “甄家不稳……若是真要做好打算，该怎么做？”路胜心中有些阴沉。 北地是甄家在扛着对抗怪异妖魔鬼怪的大旗，他们享有整个北地大量的资源供给，也为北地提供安定。 而一旦这个巨大的保护伞出问题，随之而来的麻烦就大了。,crisis,连城的路家元气大伤，再这样下去怕是要家道中落，所以他才下决心要搬迁。 “既然来了，就先定下来。老爹想好要入手哪一行了吗？”他细问。自己身为赤鲸帮高层，有权不用过期作废，自然能照顾家里的，就要尽量照顾。 “先看看吧，还没头绪。”路全安无奈道。
CH0091+CH0092,crisis,索功入门了，他打算一会儿回房，便开始直接用修改器修改这门硬功试试，有阴阳玉鹤功做底，应该问题不大。这种通力层次的外功，就算硬功消耗都大，但因为层次低，不大可能太变态。 他修习这个的目的，也是因为九江铁索功好歹也是防御武学，关键时刻可以保命。,reversal,以为只有我们能对付鬼魂，没想到现在，终于遇到路公子这般的高人！” 路胜听得云里雾里，莫名其妙。 “你们从头开始说说。我怎么越听越糊涂了？” “那好，我们给您从头说起。”柳琴认真道。 她仔细回忆起最开始的时候，眼里慢慢多了一丝温柔和一丝痛苦。
CH0093+CH0094,reversal,表层肌肉自然流转着的一丝丝酥麻感。这就是九江铁索功的内气，它不走内腑，而是就在皮肤和表层的肌肉里游动循环，形成一张如同铁索一样的缠绕在身体表面的网络，遇到外在打击时，特别是对钝器的防护，非常有效。 而熊搏手是对锐器的防护不错，两者正好结合。,crisis,间四面都是石墙，中间摆了一个结实的木头人偶，上边扎捆了一些稻草谷杆。 “这是铿木，硬度很高，也坚韧，你试试。”段长老指着木头人偶道。“你要是能砍断，我倒贴你二十两！” 路胜握着两把杀猪刀，走到人偶面前，嘴角微微勾起一丝狰狞笑容。 “当真？”
CH0095+CH0096,crisis,的。而你们偷学的只是一个变招而已，这是只适用于一些特殊情况才能用。”路胜微笑解释道。 “原来如此……”两姐妹顿时都露出恍然之色。一直以来，她们都感觉自己练习的招式有些问题，却不知道是什么地方出了问题。现在一听路胜解释，顿时都察觉了问题所在。,crisis,里。这庄子里还养了尸魄和一大帮子鬼物。 现在被甄家人扫荡后，或许能找到一些阴气还没散掉的东西物事。 嘭的一脚，踹开主卧房木门，路胜缓步捂着鼻子躲避灰尘，走进卧房。 地上横七竖八的躺了不少空衣服，还有很多像是骨灰一样的灰白粉末，撒得到处都是。
CH0097+CH0098,crisis,牙切齿道。她不相信普通人会有能力将她从妖灵附体状态下打散出来。 “我就是个普通人，你倒是说说看你是什么人？这个什么灵妖附体是个什么玩意。”路胜第一次见到卓文宇这样的异类，感觉很有兴趣。 “你不知道我们？”卓文宇顿时一怔，满面带血不可思议道。,crisis,显感觉到，在修改器里的所有方框中的武学，都可以进行推演融合。 他第一时间看向赤极心法。 “赤极心法：第七层。特效：血网。强化火毒，六重震荡，强化引燃。”后面果然多了一个可以推演的按钮。 深吸一口气，路胜满怀期待，意念在那个按钮上轻轻按下去。
CH0099+CH0100,crisis,自己见过一次面的陌生人，居然丝毫没有送自己报官的意思，要知道他现在身体亏空，虚弱无比，又醉得浑身无力，若是真要报官，现在便是最好时机，抓起他直接去衙门就行，那里还贴着通缉他的海报公示。 可路胜居然没这么做，而是说有什么能帮得上忙的，尽管提。,reward,究没有继续倒出来。 “七个瓷瓶的毒素，我都能完全抵抗住。快了……快了……还差一点点……”路胜心头有些澎湃，满头汗水。 估计再提升一层内功，他就能突破达到拘力层次。 这虽然是世家和怪异们最低的基础层次，但却是这个世界凡人和超凡之间最大的界限。
CH0101+CH0102,question,交换了下下次新的交易时间、地点，然后卓文宇匆匆离开。路胜也迅速朝着来路返回。 他需要再去一趟老帮主那里，必须仔细从洪明资那里询问清楚，最近甄家的情况到底如何。 最近红坊和甄家的局势越来越扑朔迷离。特别是甄家的动作似乎有些太安静了，有些不对。,reversal,提的顶点。 他打算将能找到的所有硬功，若是条件允许，全部融合为一体，推演出一门最强的硬功。 同时那些冲突性质的，最好是把能修炼的都修了。反正有修改器在身，硬功这种东西怎么叠加都可以。 只要有足够阴气，他就能源源不断的修成各式各样的不同硬功。
CH0103+CH0104,crisis,人。引得了当地乡绅的注意。在自己调查无果之下，乡绅迅速上报，层层传递，失踪的人越来越多，最后才到了沿山城。 “一般这类失踪事件性质，都是极其恶劣了才会传到沿山城，一般的案子，下面的人也都能自己处理。只有实在没办法才会层层上报。”宁三低声道。,crisis,打死副帮主的女儿了，也因此凶名远播。 匆匆推开小花园的铁门，路胜一眼便看到站在黄色灯笼下的洪明资。 这位当下的赤鲸帮帮主，赤日门门主，回过头两眼木然，整个人仿佛老了许多许多。 他开口的第一句话，便让路胜勃然变色。 “师弟，甄家……逃了……”
CH0105+CH0106,crisis,……小的也不清楚，不过好像说是，召集令大火点燃后，不小心蔓延到了总部房屋。”那侍卫顿时停顿了下，小声道，“听说连门主在大火里被活活烧死……尸骨都分不清，和房屋木梁灰什么的混在一起，惨得不行……”他口音似乎不是本地沿山人，尾音带着浓浓的上翘。,reversal,妾室身份……日后的生活绝对艰难无比。 想到这，陈道早终究叹了口气。 “去吧，去吧，不过千万别意气用事……不要冲动，否则我陈家真的……”他叹气道，转身离开，不再多言。 陈芸熙看着父亲离开走出房门，她终于再也忍不住，蹲下身，眼泪顺着脸颊滑下来。
CH0107+CH0108,crisis,般砸下去。 啊！啊啊！！！ 王顺勇当场被打倒在地，被一群壮汉轮着狂揍。 边上陈家陈道早和陈芸熙都看傻了，还有一众的家丁和护院，想要上去拉架，可对方分出几个人来，便将陈家所谓的高手压住。 通力层次的武师们一看这架势，更是头也不敢抬，默不作声。,crisis,总兵的背景。 对于现在的赤鲸帮来说，凡俗的力量，或许有点用，但比起红坊根本不值一提。 凝神级别的高手，一旦动手，没有强力军弩之类的大杀器，百八十人根本挡不住。更何况路胜这般的赤鲸帮大佬，手底下上千帮众，都是按照军事化训练，背后还有世家背景。
CH0109+CH0110,crisis,强的通意和凝神层面了。除非围堵在密室内出不去，活活闷死还差不多。” “那不可能！”张远东摇头，“别人或许不清楚，但我曾和变化门主交过手，他身上暗藏了一把极锋利的利器短匕，就藏在其剑柄内，削金断铁轻而易举，有什么密室能挡得住这样的神兵利器？”,crisis,挤压捏成一小块。 站在院子中央良久，路胜睁开眼，看着自己瘦下的双手，嘴角微微勾起。 嘭！！ 他猛地一捏手掌，五指瞬间捏爆空气，发出闷雷一般的炸响。 看着宛如金铁的双手，感受着身上远比之前强大太多太多的恐怖力量，路胜终于忍不住，仰天狂笑起来。
CH0111+CH0112,reward,眼，一概略过。 “哦，是赤鲸帮的路外首到了。”知府李真意微笑道，“来人，看座。” 路胜大踏步走进大堂，在左侧空出来的中间一张座椅上坐下。 他代表的是赤鲸帮，而赤鲸帮乃是北地黑灰两道的龙头，所以他的位置自然不会低。但也不会太高，毕竟不是官身。,open,了…… 整个大殿上的众人如同被捏着喉咙一般，瞬间静寂无声。 嘻嘻嘻嘻…… 一阵女子尖锐怪异的笑声，从黑漆漆的门缝处传出来。 啪。 路胜伸手抓住司仪手掌，将火红色的肩甲，稳稳按在自己肩上。 看着门缝处缓缓踩进来的一只红鞋，他缓缓从宝座上起身。
CH0113+CH0114,reversal,”陈鹰张了张嘴，望着路胜，勉强压住震动的心神，沉声问。 “外面可不止有这么一个鬼物。”路胜活动了下身体，转身朝着大门外走U去。 “走吧，出去看看。” 他双手按在大门上，狠狠一推。 隆…… 铁质的大门缓缓被推动，露出外面一片宽阔的灰褐色甲板。,crisis,前的狼藉一片，心头若有所思。 “甄家既然放弃了我们，我们也不用讲什么仁义忠心，师兄，陈鹰，麻烦你们去安排下吧，明日我们去拜访城内的其他势力代表。重新打通一条路。” 在红坊一时间无法覆灭赤鲸的前提下，路胜为赤鲸帮争得了一份可能扭转局面的机会。
CH0115+CH0116,question,话，便轻轻一跃，转眼便消失在亭外。 路胜视线才从石牌上挪开，便看不到上阳九礼的身影了。 “路帮主果真不凡。”上阳九礼一走，萧红叶便笑着对路胜道。“居然在什么都不清楚的情况下，做出了对赤鲸帮最好的选择。” “哦？萧员外何出此言？”路胜挑眉道。,crisis,言极是，是该清点一下帮中情况。”路胜点头。 只等上阳九礼确定了红坊那边的情况，他便打算好好掌握整个赤鲸帮，处理善后之事，这趟虽然被错认成世家子弟血脉，但却得知了不少隐秘情报，他需要好好消化一下。 最珍贵的，便是对自己在世家子弟中的实力定位。
CH0117+CH0118,question,的都是极少，价格暴跌，便被路家大量收购。而赤鲸帮需要药材缺口很大，路胜便暗中稍微分润了些生意给路家，算是发展不错。 路胜乘着马车在城中行进了一阵后，很快回到路府。 马上便有小厮上前迎接。 “大公子回来了啊！” “家主呢？”路胜下车随口问道。,crisis,最重要的是，凌峰死就死了，可死得太快，以至于他们根本没看清楚路胜的底细，就完了。 “路帮主……当真是北地第一高手，嚯嚯嚯……”萧红叶怪笑几声，打破尴尬。 “这话说说就行，真要传出去不被笑掉大牙。”路胜谦虚道，收回手，在凌峰衣服上擦了擦污物。
CH0119+CH0120,crisis,。” “那便多谢老哥了。”路胜抱拳笑道。 他回想起当初看到的甄意，脑袋都被划开成两块，居然还不死，还能恢复。又联想起之前见到的伞女和凌峰。 他交手过的拘层次的对手，只有三个，但前两者都近乎不死。凌峰却是一下便被干掉，他也有些摸不清其中规律。,crisis,。”玉莲子松了口气。“这案子，我看到时也有些犹豫，不知道该划分到哪一级。” “给我看看。”路胜淡淡道。 玉莲子上前，很快在案台上找出了一份折叠好的黄纸，轻轻展开。 路胜接过来看了看，纸面上开头的三个词，顿时印入眼中。 “茶帮，药师，琉璃镜”
CH0121+CH0122,crisis,径牌号。 没走出多远，两人拐了两次街道，便看到有戴着白色头巾的精瘦汉子迎上来。 “敢问可是赤鲸帮使者大驾？”一个国字脸的汉子上前恭声问。 “你们是？”徐吹问。 “我们是茶帮董琪大小姐派来迎接上使的专人，还请上使往这边走。”这汉子笑脸相迎道。,crisis,给赤鲸帮送了信。 就这等情形下，自然不可能有药师房间的钥匙。 “那就等那人来了来。”路胜自然不会只听董琪的一面之词，这种调查，自然是要多方考证才行。否则万一董琪也有问题，栽赃陷害药师或者帮中其他人，他不考证就直接动手，那不是完全弄错对象了。
CH0123+CH0124,question,吸困难。 “走，回去看看那镜子。”路胜站起身，将茶水一饮而尽。 三人一起朝书房方向走去。 书房门口董琪安排了两个汉子守着，不让任何人靠近。看到他们过来，两人赶紧点头哈腰的凑上来。 “上使，大小姐，你们来了啊，东西就在里面，绝对没人进去过。”,crisis,折断，镜面嘭的一下碎裂被砸穿，整个上百斤的镜子底座腾空到飞起来，狠狠撞在后面墙上。 大量炽热内气涌入镜座，一道幽蓝影子立马从镜面被砸飞出来，在半空中惨叫一声，想朝外逃窜。 但马上被路胜当空一刀追上去。 噗嗤！ 影子彻底炸开，消失得无影无踪。
CH0125+CH0126,crisis,生生，柔柔弱弱的女孩声音慢慢响起。 “进去吧……进了这面镜子，就会永远有人陪你玩了。”那声音低沉中带着一丝诱惑。 轰！！！ 刹那间一大团红光炸开，路胜周围方圆十数米，彻底化为一片火海。大量稻草堆被点燃，火焰噼啪燃烧起来，浓烟滚滚，灰屑乱飞。,reward,很清楚，越是这样的乡下小地方，天高皇帝远，可以抠的利润远比管辖得严苛的大城多得多。像这般不出名但有钱的帮派，在北地都不在少数，更别说其余地区。 特别是茶帮还背靠飞廉军，军中也有监察司高手，算是白风老道的统辖，安全性上不比赤鲸帮这边的商路差。
CH0127+CH0128,reversal,，东西放下，你的意思，我知道了。”主祭淡淡道。 “多谢主祭。”萧红叶赶紧低头弯腰行了一礼，然后将东西交给黑老，这才缓缓离开。 等到他出了正堂，不多时离开大门外。 白静才扭头看向主祭。 “大人，这萧红叶还是很识体嘛，我们一来便主动上门交权。”,reward,，我要换这门千树焚心掌。应该正好和我的赤极心法相性相合。”路胜将册子还给李顺溪。 “其实还有功夫可以提供，不过这几门算是最便宜的，其余很多都需要严苛的修习条件。”李顺溪回道，“既然如此，那么我们约好时间地点，到期交换。” “好！”路胜点头。
CH0129+CH0130,crisis,似乎感应到了什么眼神终于微变，正色看向路胜。 “来之前便听说路帮主一身玄功威猛无敌，乃北地第一高手，今日倒是想见识见识。” “等我打死你，就不会再想见识了。”路胜手臂急速膨胀起来，破心掌力被赤极九煞功的内气催运，周围迅速萦绕起丝丝灼烧内气。,crisis,能在其体内不断挤压越来越多，越来越厚。 巨大的压力使得路胜浑身血管慢慢鼓起，如同一根根青紫色钢索缠在身上。 剧烈的痛苦让路胜双目睁大，浑身发颤。汗水大片大片的渗出又迅速蒸发。 他两侧太阳穴上的肌肉，此时居然也慢慢鼓起来，如同突出的两只犄角。
CH0131+CH0132,crisis, “总会有契机的。”秦无面微微摇头。“不过赤鲸帮内我们武盟的那位老前辈，顺溪你这趟去是否见到了？” 李顺溪微微点头：“见到了，那位前辈没和我说话，只是给了我一个圆筒，让我回来再打开。” 他缓缓从袖中，将一个拳头粗细的竹筒取出来，递给秦无面。,reward,能容纳更多更强的内气。我必须未雨绸缪，先行收集硬功起来。以防以后液化内气也容纳不下时，身体无法得到提升。再度出现修为停滞情况。” “准备完毕。” “准备完毕！” “准备完毕！” 牛车边上的帮众此时纷纷出声，路胜见状，缓缓扬起手。 “出发！”
CH0133+CH0134,crisis,功把一个地域使活活砍死？？！”钟云袖在一旁不敢置信道。 “此人才是天才！古今往来没有人能超越的最强天才！！这世上居然真的能有人将如此多的硬功全部推演至大成！！？哈哈哈哈！！武道有望！武道有望！！”张武牙几乎有些手舞足蹈起来。兴奋得无以复加。,crisis,膜的层次，无论怎么毁掉他们的肉身，都能迅速恢复。 而破坏黑膜，除了用更强的黑膜抵消，便再没他法。 黑膜，并不只是表面的那层防御毒性层，它更多的是贯穿整个身体每一处的一种无形之力，不破坏掉这股力量，无论怎么杀，都只是在破坏表层，核心依旧还在。
CH0135+CH0136,crisis,被撕开，一双青灰色大手稳稳架住熟铜棍。手棍相接处炸开一层薄薄白灰，彻底将周围土石炸散。 “正好我也看你不顺眼很久了……来吧，好好厮杀一场！”路胜巨大狰狞的阳极态身躯缓缓显露出来，高达近三米的他，和主祭两人面对面站立，全然都没了人类正常模样。,crisis,入静室关闭大门后，终于再也忍不住。 嘭！ 他两眼一黑，往前扑倒在地。 他太累了。 也太痛了。 引爆了一滴气液后，他又引爆了剩余的两滴气液，一起爆开。就算是硬功大成的肉身，也终于承受不住，再加上和主祭的疯狂厮杀，能撑到现在回来已经是个奇迹了。
CH0137+CH0138,reversal,。 唰的一下，修改器的淡蓝方框浮现在路胜眼前。 他视线迅速落在了其中的阴阳玉鹤功上。 这一看，他赫然才发现，自己的阴阳玉鹤功居然只有四层。到现在为止，赤极九煞功都已经内气液化，到了第九层，而这门最初他极其倚重的养生内功集合体，居然才第四层。,crisis,下的部分阴气提升，看来阳气过重的弊端硬功得到缓解了。之后只要一直同步提高阴阳玉鹤宝瓶气就行。”他暂时不去多想，先恢复伤势要紧。他可不相信，无忧府死了这么多主力，会一点动静也没。 想必很快便会有人发现他在晚上前往东山山脚的动作，派人前来问询。
CH0139+CH0140,crisis,里动手，以对方的性子，怕是要大开杀戒，到时候整个赤鲸帮都可能彻底毁于一旦。他现在的实力可挡不住此人。 “此事，我确实不知道，不过此地不是说话的地方，你我换个地儿细说。”路胜低沉道，黑老一进门只伤不杀，显然还没打算彻底和上阳家翻脸。 “好。”,crisis,！以后再有这等物事，一定要第一时间记得上交！” “大人喜欢就好！”路胜微笑道。“无忧府那边……” “我突破在即，区区一个无忧府，给他们十个胆子动手，他们敢吗？”上阳九礼随意摆摆手。一副完全不顾上阳家大局的神色。 不过路胜就喜欢这种不顾大局。
CH0141+CH0142,reversal,陈芸熙似乎精心打扮过，一身翠绿的及膝裙。裙摆两侧有细缝，透过缝隙，可以看到一双象牙般细腻逛街的修长双腿，就好似两片布片一前一后挂在身上，只是遮住了最基本的关键部位。 上身黑发披肩，朱玉发簪，一对月白珍珠耳坠微微摇晃，越发的衬托出她清丽秀美。,crisis,是请他为李顺溪出面作证，证明他不是凶手。如果可以的话，还请他在有机会时，帮衬一二。李顺溪唯一值得信任的朋友，就只有他了。 但路胜却是从这件事中，闻到了一丝不同寻常的气味。 他缓缓合上信纸，双手一撮，针刺气迸发，瞬间便将信纸搓成一团极细粉末。
CH0143+CH0144,crisis,次的管理学，果真是人老成精。 “交流。”洪明资笑了起来，“我们以前都是找一些其他帮派门派进行交流会武。多找几个，经历得多了，比武多了，他们就能明白，我赤鲸帮不是弱者。不光不弱，而且很强，信心总是来自于成功和胜利，不是吗？”他冲路胜眨了眨眼。,question,中点出了一票高手，一共三十人，都是帮中精锐，长老和新晋的几位外务使，还有从各地舵主副舵主，九鱼层次选拔出来的高手，最差的也是通力顶峰，之后是四位通意层次的高层。 辎重礼物什么的，近卫弟子之类，加起来，足足组了一支小型的商队规模，前往白河帮。
CH0145+CH0146,reversal,气息，路胜也说不清楚是什么。但让他也有些不舒服。 正仔细观察着其他人，忽然路胜看到一名身穿紧身猎装的白色短裙少女，急匆匆的从侧门跑出来，想要朝白镇明过来，却被边上的近卫拦住。 近卫苦笑着和女孩说了些什么，然后又迅速过来在白镇明耳边小声转述。,reversal,……该走了……”外面不知不觉已经彻底黑了下来，白秋玲不知道自己在暗室里呆了多久。 但知道一旦被爹爹发觉自己进了密室，肯定会大发雷霆。 她吐了吐舌头。 “最后最后，最后再看一样……” 她不舍的扫视一遍暗室，目光很快便被一副很大很大的画卷吸引。
CH0147+CH0148,reward,茶帮的人就是这般，黑眼圈，严重休息不足的样子。 “说起来，现在多少时间了？” 徐吹一愣，随即面色微变。 “前几日每隔固定时间就会有更夫打更经过，但是现在一直没听到。” “或许是出了点问题。”路胜缓缓站起身，活动了下筋骨。“走吧，出去看看。”,crisis,外围，地上正仰躺着的一个帮中汉子，胸前全是血。 “找死！！” 路胜咆哮一声，身形陡然射出。 轰！！！ 出入口的木质大门直接炸开，四分五裂，转瞬间路胜的身影便消失在门内。 “帮主！！”徐吹等人这才反应过来，急忙追出大门，却已经无法找到方向了。
CH0149+CH0150,crisis,火起，抽出大砍刀，一刀狠狠砍在身侧山壁上。 轰！！！ 大量碎石被砸得炸开滚落，不少赤鲸帮众被石头打得头破血流，惊叫起来。 “一群废物！都给老子起来！！”路胜怒吼一声。他可不信什么神仙佛陀。 帮众被吓得哆哆嗦嗦起身，但动作还是不由自主的颤抖。,crisis,力接收一部分。另外，你杀了无忧府主祭，若是红坊没发现还好，若是被发现……”李顺溪没说下去。“路兄可前往中原，找一个叫青纵谷的地方。” 路胜微微点头，接过纸，上边是张地图。 “这还是武盟的地形图，路兄可按图找到他们隐居的山谷。”李顺溪低声道。
CH0151+CH0152,question,边上的叶凌墨沉声道：“王爷，现在的当务之急，是先找到是什么人在针对我无忧府。两位主祭失踪，甚至极可能身陨，这样的损失，在近十年来已经是极少了。主祭没了我们可以再招，但耽误了法祭，就问题极大了。” “不错，现在正是关键时期……”昭容也赞同道。,reversal,然起身，赶紧也跟上去。 另外又有好几个小辈都起身，跟着路胜一起离席。 如今的路胜是路家主心骨，自然不少人想要攀附。 而老一辈的人则是纷纷和路全安靠拢，他们的辈分去讨好路胜自然不合适，但和路全安走得近一些也没人会说闲话。儿子总不可能不认老子。
CH0153+CH0154,reversal, 杨云度跌落地上，脸色颓然，被困在大网里动弹不得，委顿在地。 上青龙走过去忍不住踹了他一脚。“这网是用过了油的千丝绳编成，连海鲨都能直接网出来，还怕你挣脱？？带走！” 一群人在杨家人不知道如何反应的情况下，将杨云度层层捆绑，押着朝路家去了。,reward,动疯狂的提升和调节着路胜的肉身。 如果是普通的武者，要想达到这种程度，需要把这些武学一门门的全部推演突破极限，之后还要融合在一起，同一时间晋级，对肉身产生冲击，才能达到这般效果。 而没有修改器，就算是路胜自己，也至少需要上百年才有可能实现。
CH0155+CH0156,reversal,聚的经脉网络，之前的强化抗毒，高速自愈，渡气，同化，还有最关键的镇压阴阳等等特效，都凝固到了这个特效里。 “这完全是避开了原来的拥挤公路，自己建立交桥啊！” 搞懂这东西的功能后，路胜满脸惊叹。 这修改器居然把立交桥的创意，用在了内气运转上。,reversal,，女子全身露出的皮肤，都呈现出水浸泡过很久后的苍白。 “这么说，你追来是想要和我打一场？”女子下巴微微扬起，眉心紧皱，一头钢针般的白色短发被风吹得不断侧扬。 “你觉得呢？红坊主。” 另一个一身漆黑，手里握着巨大狼牙棒的人影，出现在她的对面。
CH0157+CH0158,reward,阳家是什么反应。”叶凌墨微笑道。 以他的实力，踏入如今的北地，世家撤离，地域空虚，基本上是无人可挡。 此时不正是重建卷人府的最好机会？ 只要能把这趟差事办得漂漂亮亮，让无忧王也无话可说，到时候申请镇压北地，固守一隅，得到资源，也是理所当然。,crisis,来红坊的，但谁叫你看到了不该看的东西？” 他一直暂时留着伞女没杀她，不过是为了调查情报，同时验证一下自己在闭关时产生的一个猜想。反正赤极九煞功的恐怖阳性力量，瞬间就能烧死对方。阴阳平衡后，他的速度也大增，远不是之前那般笨拙，也不惧对方逃离。
CH0159+CH0160,crisis,檀木长盒子，还有一块类似藏宝图的古旧卷轴。 三样东西都有阴气，路胜也是按照这个标准搜刮的，整个红坊里也就这三样阴气浓烈，其余的太过匆忙没仔细看，或许也有的有，不过没这三样显眼。 路胜拿起第一件小铃铛。“你来告诉我，这个是什么？”他看向伞女。,crisis,孕育改造，一旦改造完毕，必将整体实力上升一个台阶。 只是这个改造速度太慢。在这之前，他的全部实力依旧和前面没多大区别，也就是极阳道提升后，身体硬功更强了，更能抗了。 他不知道这个改造需要多久，但反正阴气够多，尝试一下能否用阴气加速进度也行。
CH0161+CH0162,reversal,个档次。 “如果现在的我再面对白僵……”路胜稍微对比了下，眼神眯了眯。“顶多比他强出一点。”心头又多出了一丝紧迫，他快步走向萧府大门，正巧又迎面走进来几个气质不凡的中年人。 这几人中的带头者一见他，便连忙抱拳。 “鄙人黄秋元，见过路帮主。”,crisis,的一个窈窕身影。 天色阴沉，但那个身影缓缓走近，却让红坊主脸上不由自主的浮现出温柔之色。 “樱樱，你没事就好……”她快步走近，然后一把搂住伞女，一动不动。 伞女也浑身颤抖着，满心欣喜。但一想到之前路胜的约定，她没来由的，心中就闪过一丝阴霾。
CH0163+CH0164,crisis,个特效的具体效果解释。 “极度的活化，让自身的细胞，血液变得具有超强吞噬性和侵略性。能抵抗绝大部分病毒细菌，因为超强的活性，对毒素也有极强的抗性。若是为其他生物注入或者吞噬，将会引发极其严重的排斥反应。同时对内气也会有极大程度的活化影响。”,crisis,覆盖了巴掌大小面积。 然后血瘤处又长出两条血线，朝徐吹双臂延伸。 一股强大到比他以前不知道多少倍的力量，在其体内翻滚涌动。 校场中，两人僵持不动，徐吹被路胜一掌打在胸口，却仿佛黏在他手上，悬在半空一动不动。 两人周围，无数红色烟气环绕旋转。
CH0165+CH0166,crisis,细考虑下我们这些老家伙的以后吧？”张武牙摆摆手。“要是再这么下去，整个武盟怕是都要分崩离析。那些世家子没有盟主，根本没法压服。” “管念的绿意队呢？” “被查出叛徒后，便解散了。”张武牙摇头。 “解散？怎么可能！”房间门外又传来第三个声音。,crisis,武盟！” 几道绿影飞掠而来，手里各自拿着钢叉和长刀长剑。赫然是盟内职守的世家子弟。 但这些子弟一看到半空的红坊主，顿时面色剧变，丢下武器转身就想跑。显然看出了她身份。 嘭！！！ 楼阁前的地面被砸出一个数米宽的大坑。 红坊主缓缓从坑中站起身。
CH0167+CH0168,open,代谢之类的强大丹药，来加速度过蜕变期。虽然这样的丹药往往都会有副作用，但对路胜而言并不在乎。他修习养生功集成的阴阳玉鹤宝瓶气，如今已经隐约感受到，自己会比常人活得更久。 回到帮中，路胜迅速回到书房，从书柜后面的暗格里，翻出李顺溪送的宝药图。,crisis,你了。”路胜提着他，转过身，缓缓朝来路走去。手里提着的老者拼命挣扎着，但无论怎么催动功力打在路胜身上，都无济于事。 黑暗里射来一道道骇人的视线，原本都贪婪的盯着走进来的路胜，此时看到老者瞬间被擒，那些视线顿时如同受惊的兔子，转眼便消失分散。
CH0169+CH0170,reversal,虎门，里面的高手全部抓起来送到监牢。注意，只要高手，内家高手。”路胜叮嘱。 “是！”徐吹沉声应道。 他上次回来后，便已经彻底掌管飞鹰堂了。以他普通状态的实力，应对山虎门的高手就已经足够，更别说还有隐藏底牌。 现在的徐吹也能当做是个天元来用。,crisis,直到现在伞女还无法忘怀。 有多久没有看到姐姐这么狼狈了？ 樱樱低下头，心中再度浮现起想要离开的念头。 她不想让姐姐这么辛苦，心游会的力量慢慢在朝这里追来。他们躲不了多久，就算重建了红坊，利用那本法决密册建起隐匿法阵，他们依旧无法躲避心游会。
CH0171+CH0172,reversal,这么紧要的关头，红坊主不闭关调整状态，应付大敌，为何非要四处搜索毁掉红坊的人？这不合情理。”他眉头微蹙起来。 “难道说，她根本不是在找人，而是在借着找人之名，找其他的什么东西？又或者是我毁掉的红坊里，少了什么重要的物事。所以她才四处寻找。”,question, 这样的不劳而获，比起辛苦打坐苦修，要爽快太多了。 “路帮主……！”这老者面色一变，还未来得及说话。 嘭！ 一道闪电般影子出现在她身侧，一掌拍在他后心处。 大量宝瓶气涌入他体内，构建阴鹤网，然后吸取反馈他本身内气修为。 一切进行得有条不紊。
CH0173+CH0174,crisis,他缓缓起身，胖得全是层层叠叠肥肉的脸上，露出一个怪异而残忍的笑容。 “居然让人闯到了这里来……” 肉龙庞大的身躯足足有两米多高，站起身来就像是一座移动的肥肉山，两只粗壮的脚掌嘭嘭落在地面上，整个宴会厅都在微微颤动。 嘿嘿嘿嘿！！他狞笑起来。,question,养生内气有着很好的延年益寿功效。 所以他打算尝试给未婚妻清理下体内隐患，回头再回去给路全安等家人清理。 但内气刚一进入陈芸熙体内，路胜原本笑盈盈的眼神瞬间变了。 一丝诡异气息！ 他居然从陈芸熙体内，感受到一丝极其隐蔽的，和红坊主相似的气息！
CH0175+CH0176,question,里闪过一丝饥渴。 “姐姐……小心……”伞女小声叮嘱。 “放心吧，除了那几人外，偌大北地谁能威胁到我？你只要保护好自己就行！”红坊主伸出手，贴在粗糙冰冷的小城墙面上。 无声无息间，小城墙面上边融化出一个硕大的窟窿。这些墙壁其实都是用冰层做成。,crisis,同最辣的辣椒，刺鼻辛辣，直入肺部。 “开始吧。” 路胜提起蜥蜴，仰头。 四脚龙被他抓在掌心，狠狠一捏，顿时噗的一下化为一大团血肉，红色浆液从他手指缝间滴落下来，落进他张开的大嘴里。 大量的血不断滴入路胜口中。他身上的体温也开始迅速攀升起来。
CH0177+CH0178,crisis,四溅。四人似乎组成一个奇异的阵型，将红坊主和伞女包围在其中，不断高速挪移着，不时的冲上去挡下红坊主的任何突围之举。 伞女在一旁看得焦急万分，但又插不上手，这参战的四人，最弱都是七纹顶峰的力量，她上去连黑膜也打不破，除了拖后腿外没有任何用处。,crisis,路胜，但都被他精准无比的一一挡住。 轰！！ 红坊主眨眼被一刀拍中头部，整个人飞出去滚出老远。 叶凌墨在半空中，全力格挡了一下路胜的斩刀。 铛！！ 一道银线般横斩，他的双手利爪瞬间断裂，身体快要拦腰折断一般，狠狠砸落在河里。 巨大的水浪溅起。
CH0179+CH0180,crisis,体内部喷涌出。 “最强！？”路胜从石壁上，将自己拔出来，“不，我才是，我才是最强！！” 唰！！ 几乎是同一时间，两人同时消失，如同两道极光，猛然对撞。 没有惊天动地的爆炸声，赤红和无形的火焰相互纠缠着，路胜和红坊主的交手，远比之前剧烈得多。,question,体型不大的白虎，而伞女樱樱，是某种类似人类的种族。 路胜照例上前搜刮了一阵，从红坊主身上找出了一本书。 一本很小，很精致，只有指甲盖大小的黑色书册。 “这东西……”路胜眯了眯眼，还是将其塞进黑包里。 这书上边倒是有阴气了，而且不是一般的浓。
CH0181+CH0182,crisis,不信他这副模样，这家伙可是连无忧府六纹主祭都敢捡尸体的狠角色，若真是表面这般乖巧听话，她还真不放心让其坐镇北地。 这北地她呆了这么久，还真把这里当作自己的地盘了。这里没人打扰，资源充足，要什么有什么。还远离了家族的斗争漩涡。简直不要太舒服。,crisis,……都可以……”樱樱难得的说出一句流畅话。看得出她说得很认真。 怪异到底是什么，路胜一直心有疑惑，但作为鬼物妖魔的樱樱和红坊主还活着，或许可以从她们身上得到答案。 这也是他没有第二次下杀手的关键。 还有他一直想要弄清楚的，阴气的源头和成分。
CH0183+CH0184,reversal,的标记着是一个多月前发出的。而纸上内容却是让他微微眯眼起来。 看完内容，他轻轻将信纸放在桌上，手指指节不急不缓的在上边敲动。 窗外明亮的白色天光照进来，正好落在淡黄的信纸上，映照出上面的一行字。 “环佩城舵主叶红南，失联十三天，下落不明。”,crisis,上，一动不动。 除此之外，屋内再没有第二人。 “救命……救命！！”忽然石屋外又传来阵阵脚步声。 一个浑身泥水的落难人跌跌撞撞的冲进院落，看到亮着灯的正堂，顿时大喜，赶紧冲过去。 吱呀…… 木门开了又关闭。 “讲个笑话吧。”声音再度传出窗外。
CH0185+CH0186,crisis,城出现问题，他便将这两位派去协助处理。 却没想到现在已经过去十多天了，居然一点消息也没有。 “报。”此时另外一名近卫急速赶到，将手上的一份信件双手奉上。“环佩城急件！” 路胜伸手将信件接过，展开看了几眼。才看完信上内容，他面色一下便阴下来。,reversal,哦？？”路胜忽然一愣，他似乎在什么地方看到过类似的样子。 是在茶帮。 他回想起来，那面镜子…… “你有没有听说过，一面背后刻着凤凰，狐狸，和猫的镜子？”路胜缓缓轻声道。 “凤凰，狐狸和猫？你……不会说的是一面琉璃镜吧？”红坊白忽然睁大眼睛。
CH0187+CH0188,question,他见过路胜，知道此人如巨枭，行事肆无忌惮，极其直接残暴。加上此处也在北地境内，在这里要是惹得这位路大帮主不高兴，那结果不言而喻。 真要这两位对上，他不觉得路胜会输。 “不管怎么说，这两位都是我们惹不起的大人物，不要去招惹就是。”颜开低声道。,crisis,看。 “你们信吗？还有这种传说？” 宁三倒是认真考虑了下。 “属下认为，极可能是真的。这不笑主人既然传出了这样的规矩和名声，那就意味着，必然有人从他手下活下来过，所以才有这传闻传出来。” “有道理。”路胜点头。 周围其余人也都纷纷点头赞同。
CH0189+CH0190,reversal,路胜还是对待他很温和，还算念旧情，那么此事就有转机。 “其实不瞒胜公子，我们是跟着一个从外地来此的危险人物，来到此地。”颜开正色道。“在下师兄万和子，接了一份调查这人的悬赏，一路从东面跟来，却没想到他们也是为了这不笑传说，特地赶到这小镇。”,reversal,，用的是繁体……只有祭祀的时候，才会使用繁体，平常时候，不应该用这样的字……”他面露疑惑之色。 这欢喜村，似乎不只是不笑主人一个怪异这么简单。 “难不成，这个村子根本就不是给人住的？”宁三嘀咕了句。 路胜听到这句话，忽然脑海中闪过一个可能。
CH0191+CH0192,reversal,，蓉蓉呢？”万和子疑惑问。“刚才雾气一下子全散了，我进了门，看到这位兄台正在屋子里喝水休息，便讨要了点。然后就听到外面传出声音。” “原来大家都是避雨的啊。”那疤脸汉子也是恍然，“若不嫌弃，就都进来休息下吧，这屋子虽然脏乱，但好歹不漏雨。”,crisis,紧。她脸色发白，浑身发冷，身上汗水迅速打湿内衣。 缓缓退后两步。 啊！！ 她突然尖叫一声，猛地转身朝着大门跑去。 门外，院落正中。 路胜缓缓握住插在地上的刀，站起身。看向身后缓缓走近的高大身躯。 “等你很久了，朝龙……” 身后那人微微一顿。
CH0193+CH0194,crisis,划过，路胜抓了个空，代价是手臂上也多出一道伤口。 但诡异的是，他之前胸口的伤口，此时已经愈合得差不多了。 这次手臂中招，伤口上同时溅射出暗红色和金色火光，那不光是高速摩擦碰撞产生的高温，还有阴阳玉鹤宝瓶气本能的反震，配合血网高温带来的灼烧。,crisis,被碎石堆埋到废墟里，已经奄奄一息了。似乎是内脏出血之类的伤势。 路胜想了想，还是没让她死，这女人是个人才，能够一人之力将茶帮打理得财源滚滚，就这么死了也怪可惜。 他伸出手，按在董琪额头上，一丝丝的阴阳玉鹤宝瓶气迅速渗入其体内，看还有没有救。
CH0195+CH0196,question,一个强大的家，一个能够在自己受伤重创时，也能隐身修养的大本营。 在这个混乱危险的世界，这样的东西要想建立起来，无疑是需要强大的武力和势力。 “下次吧，等我把三圣门什么的全部弄清楚，总会有再进去的机会。”路胜看着空空如也的密室，面色沉静下来。,question,在长大形体上了，此时的她压根就是个普通人，顶多就是步法轻盈，跑得快点而已。 看到小伞女在那嘿哟嘿哟压衣服，路胜也不是故意要折磨她，而是如今他秘密越来越多，普通的侍女已经无法满足他的需求，索性就让小伞女担任这个位置。反正他也不可能放伞女离开。
CH0197+CH0198,crisis,网后，更是进步飞快，只要再过几年时间，她就能突破天元，达到新境界。 “带我去看看。”他沉声道。 “是！” 玉莲子带着路胜一路朝着赤鲸号下层，船腹处走去。那里是赤鲸帮生活区，居住着大量的帮中成员和高手长老。 几人匆匆来到一处满是药味的船舱房。,reward,流沙剑诀”、“还圣功”、“金风玉露决”、“蓝风玄武勾”、“八门皇拳”、“云煞掌”…… 一门门凝神绝学，名字都取得相当霸道，明显都寄托了创功者极大的希望，希望能够如名字一般强霸纵横。 “可惜……连天元也不过是俗世中较大的蚂蚁。”路胜微微叹息。
CH0199+CH0200,crisis,“再来！” 他再度开始按照明虚功的步法练习起来。 这练功步法有些怪异，怎么别扭怎么来。路胜腿部肌肉麻痒了五六次，反复用内气急速恢复愈合，这才慢慢掌握诀窍。 明虚功的心法和用力诀窍也很别扭，非要朝着使力最艰难的方向用劲，稍有不慎就会扭伤脚筋。,crisis,消失，没入远处风雪中。 路胜目送对方离开，沉吟片刻。 他忽然轻轻抬起脚。 轰隆！！！ 地面雪地骤然炸裂一道道裂纹，大片的雪粉炸开腾空。 以路胜为中心，方圆十数米急速蔓延开大片蛛网般裂痕。巨大的反震力带着他冲天而起，朝着白色巨狼方向紧追而去。
CH0201+CH0202,crisis,至还会阻止他出手。 “我明白了……”白狼王沉默了许久，终于还是退缩了。“你会后悔的。” “没有谁能让我后悔。”冰狐王淡淡道。“你不明白。” 白狼王冷哼一声，转身离开。 风雪中，那道人影依旧站在原地不动，只是静静望着远去的巨大白狼，没再说话。,crisis,他太强了，若是真和陈芸熙入洞房，力量控制着小心一些，也许没事，但最后关头总要结合一起生子。到那个关头，一旦出事…… “看来只能暂时不怀孕了……”路胜心头最终下了决定。 世家血脉淡化的也有和凡人结合的，这趟去中原，或许能找到这方面的解决办法。
CH0203+CH0204,question,闲聊着知晓了路胜已经婚配，但张荣氏似乎并不在意，全然把路胜当成了女儿的预备对象。 和张荣氏分开后，路胜穿过荣信关，后面的路就宽敞舒服多了，速度也快了许多。 只用了五天，车队便抵达了此行的目的地，白铃城。 而上阳九礼安排好的人手也在此久候了。,crisis,的还能看到那女子依旧看着他，一动不动。 明明她的脑袋都被白布紧紧罩住，连呼吸都困难，更别说视线，但路胜就是感觉到，对方还在看他。 “她很喜欢有新人来……习惯就好了。”宋子安低沉道。 “是吗。”路胜不再说话。这个元魔宗，似乎和他想象的不一样。
CH0205+CH0206,crisis,既有的平衡，为人类挣得一席之地。 抛开其中的歌功颂德内容，其中关于数次历史大事的记载，对路胜了解整个大宋世家史很有帮助。但是书中对所谓的大恐怖，并没有太多笔墨，都是一笔带过，似乎不是妖魔鬼怪一类。 坐在这里看书，不知不觉，便过去了数个时辰。,crisis,了那场大难后，九成以上的元魔秘术随着那些长老的身陨而失传，就只剩下他祖师传承的这一门，还完整流传下来。 支撑学派宗门的精英弟子，管事，长老，不是战死就是随着岁月流逝逐渐老去衰亡。 到最后现在，反倒是当年资质平平的他，成了元魔宗如今的最强者。
CH0207+CH0208,crisis,来。 铛……铛…… 正当他准备仔细查看分辨书页上的内容，看能否还原时，钟声响了。 呼…… 无奈之下，路胜合上书，将其放回书架原处，转身毫不犹豫朝着门外走去。 他问过师姐荷香子，这里到底有什么问题，但荷香子也不清楚，只说晚上不要呆在外面就好。,crisis,应该是单纯的相性不合，这是世家血脉更契合的剧毒雾气，他们本身就血脉中制造产生黑膜之力，黑膜之力和这黑雾应该是相性较高，所以他们受到的刺激远不如我强！” 呼…… 不得已之下，路胜只好将阴阳玉鹤宝瓶气迅速调动起来，疯狂开始运转恢复被腐蚀的肉身。
CH0209+CH0210,crisis,议道。 “可以。”大长老点头。 路胜身边的荷香子也不推辞，缓缓起身，走到场中。 “焦心，你的第四层过了没？”大长老转而又问其中一名女弟子。 “还没……” 一旁坐着的路胜，分明看到大长老眼中闪过一丝失望。这焦心是派中血脉资质仅次于飞蝗子的人。,crisis,不同，他们是未来的派主继任者，实际上就是预备派主。这需要在弟子中有极高的威望，或者是实力极强，强到能镇压一切学派反对自己的声音。” “首席，又被称为季学。有的大学派特别是上三重的有几个，会将首席季学取一个特定的称号，但大多数都是统称首席。”
CH0211+CH0212,reversal,何浮现出法徽的攻势，除开同级别存在，没人能阻挡。秘术便是对法的模仿和衍生品。但威力弱很多很多，是对法的边缘奥秘，进行解析研究后的简化版。”他在讲的，是例行的元魔宗秘术的历史来源。身为元魔宗弟子，对自家学派祖师，和学派大事记当然不能一无所知。,reversal,” “那你来学派，难道不是为了修行，只是为了看书？”大长老稍稍来了点好奇。“你的秘术不练了？” “练啊。”路胜奇怪道。“无因功我现在也到第二层了，感觉还好，蛮顺利的，就是……” “啥？第二层？？！！” 路胜话没说完，便被大长老睁大眼睛打断。
CH0213+CH0214,crisis,又要去洞口等人送来。 他通过学派特殊的飞鸟书信，可以很轻松的将信件传到赤鲸帮众手中。并得知白铃城中的情况。 斜靠在洞口，路胜望着外面灰蒙蒙的瓢泼大雨，一时间有些走神。 “想家了？”荷香子不知道什么时候，来到路胜身后，也学着他站在洞口靠着墙。,question,竟我们都是为了摆脱神兵魔刃而建立学派，落后的知识体系，需要淘汰。只有不断保持最新的学识，才能让百脉永远保持最好的活力，而不是被陈旧腐败的老体系拖进棺材。 这就是百脉会盟的来由。不断争出最强的理念。老旧的陈腐的，就让它逝去，以免徒耗自身资源。
CH0215+CH0216,crisis,阴气多寡，取决于主人的强弱程度，和寄托情感精神的时间长短。 “也就是说，这两样东西都是这里的祖师们生前最喜爱之物。”路胜心中猜测。 如今的他因为无因功达到第七层，早已对周围毒雾有了一定抗性，所以能控制着自己不牵引毒雾，这才能安静的坐在洞内。,reward,择，也只能选择鬼面决。 “阴气还有，可以继续提升。”路胜感知了下体内情况，肉身强度起码提高了两到三成。而内力似乎都受到了影响，运转速度更加晦涩艰难，但每转动一圈，产生的内气也更浓了，气液的颜色渐渐朝着微黑色转变。显然是受到了毒雾魔气的影响。
CH0217+CH0218,crisis,。 路胜紧跟在他身后，一言不发。 不知道走了多少时间，前面渐渐传来阵阵沉重的脚步声，那脚步声很奇怪，就像是金属重重的砸在地面上。 大长老没说话，路胜也不好问，既然提前说了不出声，那就一定有道理。 两人一路走过靠窗走廊，终于来到了一处侧殿中。,crisis,阻力，但这点阻力对于肉身力量强得可怕的他来说，可以忽略不计。 换成一般人来说，就算是世家子弟，学派子弟，也不一定有力气将刀重新插回去。 但对路胜而言，就根拔根牙签差不多…… “好了，该回去了。”路胜看也不看封印用的长刀，转身大踏步离开房间。
CH0219+CH0220,reward,源锐点头道。 洪清点点头，转身快步离开院落。 穿过院子，他走进侧面的花园，毫不停留的走过花园中的一道道拱门，来到一个被花丛包围的狭小角落。 到了这里他停住脚步，在这里等待了一会儿。 很快，一个面色发白，身穿素白长衣的中年文士，缓步走入角落。,reversal,门外阴影处。 只剩大长老一个人独自坐在洞中。 凉风习习，静寂无声。 良久，他缓缓站起身，仰头。 “祖师啊……”他长叹一声，一时间竟哽咽着说不出话。老泪纵横。 哧哧哧！！ 元魔宗内，一道道黑影急速闪动，如同黑夜中的蝙蝠，不断在洞壁上借力飞纵。
CH0221+CH0222,reversal,来。 路胜奔跑着，脚尖一点，整个人便如同离弦之箭，飞跃出很长一段距离。若不是因为秘道曲折弯绕，他速度还会比现在更快。 不一会儿，一扇同样的破旧黑色铁门，出现在他眼前。 铁门上什么花纹也没有，毫无装饰，就像是直接把一块铁板搬过来，当做门挡路。,crisis,结束也好。”他手中长戟高速旋转起来，尖端亮起刺目红芒。 一股巨大的威胁感陡然涌上大长老心头，他看着黑衣人此时的动作，忽然面色大变，想起了什么。 “这个标志性的起手式……难道……！！？”他嘴唇微张，浑身黑火迅速在身前形成一大团，试图阻挡对方。
CH0223+CH0224,crisis,着一个个大小不一的符号。 他所在的位置，正好可以看到不远处正在和荷香子交手的几个弟子。那都是他的弟子亲传，带出来算是锻炼见血。 至于同行的另外两个游神，都不喜欢和他待在一起。他太强了，比他们强得太多，仅仅和他站在一起，都会让人感觉都有压力。,crisis,咳咳咳。”宋子安没有说下去，便假装咳嗽。 路胜回过头，果然看到床上的大长老面色发黑，盯着宋子安。 “口无遮拦！”大长老呵斥了句。 “老师！你醒了？”路胜两人赶紧走过去。 “醒了，接下来，还是我来吧，辛苦你了小胜，子安。”大长老轻轻吐了口气。
CH0225+CH0226,reversal,的刑罚，兵戈，以及传承的三位至强者。 这三人一般是由争夺掌兵使失败后的强者担任，而能够参与争夺掌兵使之位的人，哪一个不是顶尖高手，惊艳绝伦的世家天才？这些天才在神兵之力的延缓衰老下，最大的年纪甚至有数百岁。之后才是掌兵使。 这还只是苏家。”,crisis,着一股难以想象的巨大恐怖力量。 他吞了吞口水，缓缓抬起手，朝着面前的空气触摸过去。 手指食指很慢很慢的伸过去。 以他如今的肉身强度，就算是阴极态，也有蛇级层次，再加上内气覆盖激化，真正的威力，可以让普通蛇级连防御硬皮都打不破。更别说伤到他。
CH0227+CH0228,crisis,没想到光是百炼学派，就损失了九人？” “这就是你说的小小损失？”林北开目含煞意盯着他。 “这次计划，是打算全面的针对重点学派进行整合排除，能拉拢的拉拢，不能的取代合并，计划本就是开少爷计划的，虽然损失大了点，但不一直在少爷的容忍范围内吗？”,crisis,型。 路胜试着调动魔气，从上方灌入。 呼…… 就在此时，他自己也没注意到，周围身边，大量的毒雾之河河水狠狠一颤，一圈圈震荡般的波纹，以他为中心，朝着四面八方蔓延扩散开来。 一种幽深的，如同来自黑暗深处海潮的声音，从他体内的海螺中，传递出来。
CH0229+CH0230,reversal,二层，特效：魔身二级，阴魔意二级。” 其余所有极化强身，都聚合在了魔身上。而阴魔意，也将之前的魔意彻底覆盖吞噬。 路胜心念一动，之前那个人面蛇身的魔意也浮现出来，细细的呢喃声不断蔓延开。 人面长蛇和这颗魔意心脏，正好就是如今他的两个阴魔意。,crisis,方是个可交之人。但经过了那件事后，万和子和他，在那场考验中，都真正明白了路胜此人的本性。 在考验中，当时作为周围最强者，而被模拟作为守关者的路胜，给了他们无法想象的血一般的教训。 直到离开无限循环幻境，他们还是在心底留下了不可磨灭的后遗症。
CH0231+CH0232,reversal,子连忙给路胜和对方介绍身份。 “这位是我师弟路胜，也是我们元魔宗今年的参比人选。这位是和我们元魔宗一向交好的玉响门首席，陈云香。” “原来是路师弟。”陈云香朝路胜点点头，算是见礼。 路胜也起身回以微笑，然后和其余女子应付了下礼节，便又坐下。,reward,宗的路胜，北地来的蛮子，以为自己多厉害一样。这趟元魔宗我看要想站稳脚跟，怕是悬。”展红声嘟着嘴不满道，“我哥这么帮他，他还一点也不识相。元魔宗都破败成这样了，真不知道他哪来的自信。” “是吗？”方谭面色不变，但心头却是将路胜这个名字记下了。
CH0233+CH0234,question, “是不是感觉有些被孤立了。”荷香子对路胜苦笑了下。 “还好吧。”路胜笑了笑。 “除开朋友，没有学派想和我们结交，因为他们认为我们反正马上就会跌出百脉，结交不结交都无所谓。”荷香子苦笑道。 路胜也是无言。元魔宗落到这个地步，当真是凄冷无比。,reversal,一筹，也是普通人眼中高高在上的顶尖强者。 “如果连这样的级别都承受不了我释放出的人面蛇干扰，那么普通人，遇到这种混乱，又会达到什么效果？”路胜面色微微沉寂下来。因为他知道自己的这个人面蛇能力，不是只针对单一个体，而是可以大范围的随意释放……
CH0235+CH0236,reversal,，去睡吧，一切有我。”路胜连连催促，荷香子才无奈的只能去休息。 毕竟出来时，老师说过一切听路胜的。 只是……我不能什么都依靠师弟，我是师姐，就算起不到主导作用，也多少要为学派分担一些东西。 荷香子表面被劝服了去睡，实际上心里却暗自做了决定。,crisis,下吧。此地是镇压之地，不是你该来之处。”宿老淡淡道。 上阳飞从未有过想此刻这般，憎恶这些家族所谓的老不死的怪物。 “时代在变，天下在变，大宋……也在变，唯独你们……” 她面无表情，转身默默朝着出口走去。 或许，上阳家是需要一次彻底的变革了。
CH0237+CH0238,crisis,快，但频率极高。口中念念有词，身上开始有淡淡金光光点逸散而出。 四人身上的光点很快越来越多，越来越密，开始朝着路胜飞射而去。 这一招秘术，名叫飞鸣，乃是开阳学派小型配合阵法中最强的一招，同样的秘术，可以数名弟子一起使用，威力叠加，极其可怖。,reward,。 “你们一起上也行，可以省我不少时间。”那白发女子淡淡道。 “狂妄！” “孔雀山这是要和所有下三重学派为敌？” “舒师姐是否太狂了？” 一个个学派首席纷纷忍不住变色起身。 在场都是五大分区走出来的顶尖高手，数十人聚在一起，声势也颇为浩大。
CH0239+CH0240,reward,谷就和他们一个区。”陈云香点头道。 她和舒纤一个分区，第一时间就被那女人全部刷下来，毫无侥幸。 “估计是其他分区都被最强者打残了，他们刚好避开捡漏了吧？”展红声酸溜溜道。 “或许……开始了，路兄要动手了，他似乎是去的孔雀山。”展孔宁低声道。,reversal,，多几个人没影响。” 路胜看了眼此人。“不用了，我们自行安排就好。”他有自己的打算，自然不会贸然改变。 “你是不是觉得，舒纤碍于会盟百脉的规矩，就算针对你们，也不会有多严重。”方谭笑了笑，“天真……” 路胜眯了眯眼，感觉这方谭对他有些不善。
CH0241+CH0242,crisis,任何人封锁，你随时可以过来。”少年颇为遗憾道。 “好。”路胜也不把话说死。多个朋友多条路，何况对方是叶派。叶派一向秉持的是对世人，对凡人也不该滥杀无辜，法祭和血祭都是邪恶而不正统的发展方式。他们主张摆脱神兵魔刃，摆脱法祭血祭，努力强大自身。,reversal,“我也是元魔宗的一员，老师说这话就见外了。”路胜笑了笑。“不过，我倒是觉得，人太多，不利于我们隐藏行踪。” 六山子大长老沉吟了下。 “也对，如此，还是单独行动更好，我们人少，完全可以更快移动。” 他顿了顿，“那我们还是单独行动，方便隐蔽。”
CH0243+CH0244,crisis,间失去反抗之力的对手，这等程度，绝不是在场我们队伍里的任何一人能抗衡。我们必须尽快返回学派，否则除非是派主亲至，在场的我们，没有一个是杀人者对手！” “这么严重？会不会是春意岛主追踪凶手去了，所以行踪不明。”一个下三重学派的派主男子低沉问。,reversal,学派所在地和自己站立的位置分割开来。 他往左顺着银线望去，这线划出一个大圆，将整个这片区域全部包住。 线内线外，完全是两个世界一般。而他们，就站在圆内。 “这……到底是什么！！”方谭心头抽紧，原本对着展红声有的一些小心思，此时也彻底没了影。
CH0245+CH0246,crisis,来形势急转直下，路胜居然瞬间变身成这副恐怖形态。 她完全没弄明白到底发生了什么？ 路胜不是元魔宗新晋的弟子吗？虽然性格古怪，不合群，还一副不自量力的臭脾气，看着就讨厌。 但是……但是……这突然变成这幅模样……中间的跨度让展红声完全无法接受。,crisis,错，但可惜对上了他。 若是换成其他妖术类型的大妖魔，或许这个境界还能多耗一会儿，可面对两个只会硬碰硬的蟒妖。 路胜完全发挥了自己最强的长处，三下五除二就干掉了两者。 咦？ 忽然路胜一愣，看到地上一枚淡蓝的宝石戒指，正散发着浓烈的寄神力气息。
CH0247+CH0248,crisis,那边动静很大，有极强的圣兵辐射残留。 临走前，路胜提出去看看圣兵残留的痕迹，他很好奇真正的完整圣兵，到底有多强，虽然这御时斧只是个辅助圣兵。 六山子犹豫了下便同意了。 因为圣兵留下痕迹的那处，聚集了几乎所有队伍里的最强者，想必不会出什么事。,crisis,，他永远都不可能明白……” “你的意思是，少爷身边远不止你一人？”白女子皱眉问。 林环道笑了笑。“给我个痛快吧。林环道死于暗袭幻水宫一战，这样记下来也算不错，还可以把黑锅丢给幻水宫。” 黑女沉默了下。 “如你所愿。”她缓步走向地上的林环道。
CH0249+CH0250,crisis,环境作战，和持续战斗上，有显著提高。 其中毒火和混乱心智是增强群战能力；愈合和移动跳跃，还有身体吸收抗毒，是增强持续作战能力；至于嗅觉加强和五感略微提升，是提高追杀能力。 可以说这些能力对路胜来说了，虽然没有直接提高实力，但也让其更全面了。,crisis,了？” 毒雾之河蕴含的剧毒，就算是他也不敢太过靠近，一般平时吸收个几滴河水就算不错了。若是要走进最深处，去曾经学派祖师潜修的地方，就算是他也做不到。 所以如今他也只能猜测其中发生的变化。 “希望不要出什么大事……”六山子面色肃穆，心中祈祷。
CH0251+CH0252,crisis,张开双翅时，大量黄色粘液从翅膀上滴落下来，掉在地面，发出嘶嘶的腐蚀声。同时还伴随着一股难以形容的恶臭弥漫开来。 “厌恶之鹰……”路胜大概猜出了，这老鹰代表的自己什么杂质情绪。 就是之前受到他强烈的恶心情绪冲击，估计才导致这厌恶之鹰孵化出来。,crisis,黑毒火。 路胜想了想，伸手对着面前石壁一抓。 轰！！！ 一大团黑色毒火轰然炸开，石壁直接被炸出一个大洞。 “忿怒之狮的毒火，和赤极九煞功的威力比起来，还要强一截……不错。整体实力提升不少。这个听幽魔体极其适合群战，对各种环境的适应也很强。”
CH0253+CH0254,reversal,盆，最近学派的伙食因为他送上一份矿脉后，又变好了。吃喝方面也有了很大改善。 起码他一天三桶饭，九斤菜，十只鸡，一头猪的饭量得以保障了。 坐在饭堂里，路胜等着那弟子离开后，才拿起信打开。 是上阳九礼的亲笔，要他前往白铃城，在上次的酒楼里汇合。,crisis,力，实力六纹，而且年纪轻轻，未来极有可能踏入蛇级，这就是路胜的潜力。 也是爷爷他们看重的地方。 “小姐，坤云公子又送新鲜的枇杷过来了。”外面忽然又有侍女传话进来。 上阳若双眼一怔，随即喜笑颜开。 “他还记得啊……”她连忙起身，主动迎了出去。
CH0255+CH0256,reversal, 路胜大踏步走上石头，伸手握住刀。然后缓缓往上拔。 嘶…… 随着刀身缓缓往上移出，一阵细微的颤动开始从大石头下弥漫到整个房间。 “我……已经沉睡了……额又是你！！”那个低沉邪恶的声音顿时愤怒起来。明显认出了路胜。 “你又打算来戏耍本王？！”,crisis,，他这里，即将被作为前沿前线。 一般按照惯例，是两位魔灵先降临，建立血肉之门。 而两位掌兵使级别的魔灵降临，这股力量，正好可以屠灭整个姜宇城和附近包括百铃城在内的数座城池用来血祭，建立血肉之门。 突然袭击之下，就算是上阳家也不可能抵抗得了。
CH0257+CH0258,reversal,像，排成两排，正好形成一条通往大殿深处的道路。 黑烟迅速落地，凝聚成之前的黑衣人。 他抬头望向道路尽头，那里的地面正笔直倒插着一根长枪。一根极其普通，但古旧不堪的黑色长枪。 “这么多年，居然还有效力……”黑衣人脚步顿了顿，随即缓缓走向长枪。,crisis,速，这样的反应已经多久没有出线在他身上了？ “我如今的肉身强度，已经达到世家子弟也难以想象的恐怖地步，怎么还会出现这些问题？外界对我的影响应该可以忽略不计才对，或许是我内部激素分泌之类的出了问题。回头需要好好调息一下。”他心头闪过一丝疑惑。
CH0259+CH0260,crisis,，选在自己胸口正中，其实他选择在哪都无所谓，以他的火抗程度，虽然比不过专修火抗的怨火魔体，但也比十字炎阶段的当初那些祖师强多了。 所以这一阶段对他而言，只是过渡。轻轻松松就突破了。 很快，他到了距离开始修习怨火魔体最后的一步阶段。 秩凃决。,crisis,上下燃烧着黑色火焰，火焰中隐隐传出密密麻麻的人类痛哭声。 大量火焰不断从他身体甲壳缝隙涌出，仿佛他整个人从内部燃烧着。但因为恐怖的火抗和强大的精细操纵，导致他实际上并没有受到致命伤害。 反倒是在这样的燃烧状态下，疯狂的提高着肉身的火抗能力。
CH0261+CH0262,crisis,了。” 路胜跟着停下，左右看去，四面有些阴暗，刚好处于竹林的深处没灯笼照耀的地方。 琴声乐声也若有若无，不是很清晰。 “之前九礼大人给我提到您和上阳若小姐之事，为了补偿上次的失礼，家族决定对您开放会心缘里的一个特殊之地，红亭。”佩佩柔声道。,reversal,人浑身都在剧烈颤抖。 可王叔就像是中了邪，疯狂的对着一颗竹子乱打。路胜作为目标就在他身边，也视而不见。 “好了，我们走吧。”路胜摇摇头，他其实什么都没做，只是放出了一点点嫉妒之蛇的心智混乱力场，可没想到效果这么强。当然在这里他是不会说出口。
CH0263+CH0264,crisis,。 “老娘隐藏了这么久，可就是等的这个机会……”银子站起身冷笑，“一旦被我的冰印蛇缠住身体，就算你挣脱鞭子束缚，一身实力也会被下降到了一个难以忍受的程度。” 她握紧手里的鞭子，脸色凶恶起来。 “现在，给老娘去死！！”银子和孙梦同时冲向画师。,crisis,么快。身为画师头目队长的崔联军，居然连一招都没用得完，就败了。 路胜这等怪力，就算上阳九礼看过不少次，也依旧感觉不可思议。这一身怪力，也是上阳家对路胜另眼相看的关键原因之一。 就连上阳九礼也张大嘴，没想到路胜居然赢得这么快。对方可也是六纹。
CH0265+CH0266,reward,一个不认识还不中意的人，还不如自己主动选择，挑选自己能入眼的男方。 像路胜这般的优秀外家人，便进入了她的视线。在别人还在犹豫时，她断然第一个拜托佩佩引荐，正好九礼大小姐也在发愁怎么把路胜更牢固的绑在自己战车上。 顺水推舟下，便有了眼前一幕。,crisis,家的邀请宾客全部聚集在一起，由魔灵亲自出手抹杀。便算是完成任务。 到那时，周边所有的抵抗主力，都会彻底崩解。恶魔大军碾压之下，无人能抵抗。 血肉之门也能在人类高手赶到前，迅速建立完毕。 计划虽然简单，但讲求一个急速，只要够快，便不会有破绽。
CH0267+CH0268,reward,矩，怨火魔体则是形成怨火。荒芜魔体再来荒芜之火。三种魔体都共用的一种毒火核心，看看最后能发生什么变化。” 元魔力开始在他体内急速流转起来，很快形成一幅怪异而扭曲的几何图形。 而随着宝瓶气的迅速消耗，第一组合很轻松就成功了。 然后是第二组合。,crisis,… 高达数十米的巨大灯塔，缓缓颤动起来，整个灯塔从两侧伸出四条岩石手臂，撑住地面站起身。 这个巨大的灯塔，居然只是一个庞大如巨猿的恐怖怪物的头颅。 巨猿的下半身，其实就是被海浪不断击打的黑色山崖。它低吼一声，带着枯瘦黑影，转身朝着远处离去。
CH0269+CH0270,crisis,三徐吹，一起加入了元魔宗。 但这三人修习最基础三阴决，进度都慢得惊人，显然因为完全没有血脉，所以在这方面修行极其艰难。 三人好不容易有机会正式得到秘术修行，包括红坊白在内，没有一个敢松懈懈怠，每天除了吃喝睡就是苦修。其修行之刻苦，无人能及。,reversal,是微微一怔。 马上，她便看到路胜伸手从一旁的桌子一抓，咔嚓一声脆响下，桌子一条腿被他扳了下来。 “临时找不到什么好工具，就用这个吧，你将就点。”路胜握着桌子腿淡淡道。 展红声盯着有小儿手臂粗的桌子腿，喉头忍不住咕哝一声，总感觉心头有些发毛。
CH0271+CH0272,crisis,中看到过，有人因为运气好，意外得到神兵魔刃，从而一跃成为世家，也有人因为不识宝物，而被惹得家破人亡，明明自己已经有了世家血脉的底蕴，却不知如何运用，导致怀璧其罪，被灭族。 之前荷香子还和他闲聊时，提到过这趟收下的几个小孩子，就是这样的身世。,reversal,都如同沙漠中缺水的饥渴旅人一般，疯狂抢夺吞噬。 刚刚转化出一股元魔气，便马上被争抢殆尽。 “再来！”寄神力才消耗十个单位，路胜大喜之下继续提升。 他伸出手，一小团绿色火焰在他手心燃烧起来。这便是阴火，元魔宗所有秘术的根基，转化元魔气的关键。
CH0273+CH0274,reversal,一个不大不小的缓慢漩涡。 几条巨蛇胆怯的在外围游弋着，不时发出不安的低吼。自从上次被路胜活撕了一条同伴后，它们一看到路胜到来，便每次都躲得远远的。 原本它们以为路胜每次就喝点水就离开，却没想到这趟和有一次一样，居然喝水喝到湖水都开始下降了。,crisis,继续加入前面挖土的行列。 都说阴魔无法控制，路胜觉得那只是没找对方法。 石穴仿佛无穷无尽，路胜也不知道挖了多久，但以他的速度，起码有了数万米，石穴通道的水流也终于慢慢减少了，通道越来越空。 前面两侧石壁逐渐浮现赤红色微光，仿佛被烧红的烙铁。
CH0275+CH0276,crisis,的透明玻璃瓶。瓶子里用灰色的液体，浸泡着密密麻麻无以计数的，惨白的虫子一样的东西。 路胜眯了眯眼，试图看得更清楚一些。他挪动位置，尽量朝着瓶子方向移动。 哧！ 忽然一只眼睛遮住了他的视线。 一只苍白带着血丝的狰狞眼球，似乎也在透着缝隙看他。,crisis,么，能扛住这次就行。”蜥蜴无所谓道。 “冰狐王可不这么想。”雄鹿晃动着头顶长五六米的巨大鹿角，“三大圣门，已经开启了两道，还有最后一道，我们压不了多久，储备已经收集得差不多了，该选择丢到什么地方消化了。” “我会尽快挑选位置。”蜥蜴淡淡道。
CH0277+CH0278,reversal,又是近六十单位的寄神力瞬间消失。 紫黑色阴火缓缓收缩起来，核心处，隐隐凝聚出一小团漆黑如墨的小圆珠，那圆珠子表面，竟然隐隐浮现出一头白色的，长着八个脑袋的鹰头狮身兽。 而理所当然的，阴火温度也进一步提升。整个火焰温度比起之前又提升了一大截。,reversal,大阵！画师居然全员出动了！”白修神色一凝。 “那是……”黄复却是看到了远处天空密密麻麻如同墨汁般的魔物群。 “魔灾……！”白修也面色一下惨白无比。 在那无数魔物之间，漆黑如墨的阵型中，隐隐有着两只巨大银灰色眼眸，正透过空间凝视着整个白铃城。
CH0279+CH0280,crisis,然停了下来，断开吸取魔气的动作，站起身。 “他要干什么？打算离开么？不应该啊，我的魔元本身还有着强烈的诱惑力，我也没感觉到有挣脱的精神反应。”阴影之王疑惑下，继续观察。 然后他看到路胜走到祭坛缺口边，居然将整个脑袋直接塞进缺口。 嘴巴张开。,crisis,器推演出来，但由路胜命名的特殊境界。修改器推演到了这一境界后，路胜全身的血肉骨骼，大部分都逐渐演变成，和魔元极度契合的特殊结构。 这种结构极容易膨胀和缩小，并且无论是物理防御，还是对火焰，对剧毒之类的抗性都要比原先单纯的人类细胞时轻松许多。
CH0281+CH0282,crisis,上燃烧起来，照亮周围一小块的黑暗区域。 “这个量？？”忽然路胜微微一愣，感觉到一股精纯无比的特殊魔气涌入体内。 这一股魔气的总量，超过了他预计不少，差不多有他现在体内总量的百分之一。 “怎么会这么多？” 他松开巨狼尸体，任由其化为一摊黑灰。,crisis,趟可真是大手笔，连镇派之宝都拿出来护全大家。”身旁的一个派主微笑着恭维道。 “哪里，我西极院为主办者，自然各方面都力求最完善，大阵展开，也是最近听说安全问题有些不对，为了不干扰诸位雅兴，临时打开一日。”赵酯眼底闪过一丝寒光，面上依旧微笑道。
CH0283+CH0284,crisis,时期，也距离这个层次还有一步之遥。 这一步的距离，就是天差地别，难以想象的鸿沟。 但路胜完全不知道。 他只是本能的感觉魔气不够用了。 站起身，路胜视线死死盯住祭坛方向，从那个方向他感受到极其庞大的魔气，正从祭坛下的一个缺口漏洞源源不断涌出。,open,的豹头人身恶魔，居然盘成一个巨大的蛇盘，数十对眼睛盯住路胜。 “外来者，这里是魔渊，是贯穿一切，链接无数大地的魔渊，这几层都是我，古魔蛇豹莫努的领地！你居然胆敢侵入这里，肆意狩猎我的子民！”豹头人链接成的巨蛇盯着路胜，露出贪婪而凶残的神色。
CH0285+CH0286,question,目，甚至连百脉是什么都不知道。在这样的情形下，加入元魔宗，居然才几个月时间就达到了秘法中较高层次的修为。这等天才，不论是想要挖角的，还是将其视作威胁对手的，都会靠近过来打听消息。 六山子倒是岿然不动，只是不时实在不好不说话了，才发言说一句。,crisis,胜庞大身躯轰然收缩，眨眼间便凝聚成一道只有三米多的身影。 “与我融为一体吧！！” 身影头部，一张狰狞巨口猛然张开，骤然膨胀为三十多米直径，一口朝蛇豹咬去。 蛇豹面色愕然甚至还没反应过来怎么回事，眼珠映照出那道越来越近的恐怖大嘴。 噗嗤！！！
CH0287+CH0288,crisis,的卷曲魔气。 “这是……”路胜疑惑的抓起菱形晶体。 这是他吃掉蛇豹后，留在肚子里极少数不能被消化的物质。 他捏起晶体，拿近一些仔细研究。 唰！ 猛然间，晶体内一下睁开密密麻麻无数惨白眼睛。 数百只眼球陡然盯住路胜，就算是他，也心头微微一顿。,crisis,的魔元。八首魔极道杀死生物后，都会转化其生命力化为魔元，只是如今路胜一刀杀死的魔物太多太多。 密密麻麻数百，上千的黑线不断飞来，落入他手心。 纯紫色岩浆之上，遮天蔽日的黑线万流归宗般汇聚到一点。汇聚到他右掌。 仿佛他便是掌握这一切的……神！
CH0289+CH0290,crisis,，便听到身边的传道者纷纷欢呼起来，似乎巨蟹的到来带来了希望。 “大一点的魔怪？”路胜疑惑的打量着巨蟹，猛然伸出手，一把捏住对方巨钳。 咔嚓！ 一声巨响，巨钳完全来不及反应，就被他撕下来一个钳子。 巨蟹迅速反应过来，其余钳子狠狠朝着路胜夹去。,crisis, 那是一个上半身是人，下半身是巨型棕色章鱼触须的恐怖怪物。他的体型足有三十多米高，至少二十米宽。 “你……居然不逃？”路胜诡异的三瞳孔双眼盯住对方，露出诧异之色。 呼！！ 整个这一层洞窟地面，全部燃起紫色火焰。紫色火海瞬间将两者包裹在其中。
CH0291+CH0292,crisis,被封锁住。 “夙离之云……这是夙离之云！居然……居然这么多！！？”上阳九礼终于认出了这些蓝色雾气是什么。 “该死！”她面色铁青，却没想到刚出虎口，又入龙穴。 “九礼大人……我们为何要这么惧怕雾气？直接冲过去不就好……”一名上阳家精锐不解道。,crisis,王。 乌云之王还没来得及反应，便被四臂抓住。 嗷！！他痛苦的嚎叫着。一股庞大恐怖的力量瞬间传递到其身上。 嘶啦！！ 北氼庞大的体型居然一下被撕裂开来，血肉飞溅，蓝色云气爆炸。 整个秘术殿轰然垮塌，无数蓝色云气弥漫，转眼便将周围化为一片云海。
CH0293+CH0294,reversal,我在那等你！” 路胜头也不回，向后扬扬手，带人快步离开。 虽然没说什么，但能在这等危险关头带人前来找他一起走，路胜心头终究有些认同对方了。 原本他只是抱着一种利用态度利用上阳九礼，但对方在这等患难之际，还能不顾危险想到他，这就是真心对待了。,question,。 “是啊……掌兵使……魔王……”澪也不自觉的陷入沉默。其实还有一句话他没说。 在他能看到生物最强形态的现形之眼中，在看到路胜时，并不是之前那个庞大外形。 而是一道优雅，狰狞，恐怖的修长身影。那道身影身后弥漫的，是近乎无边无际的银色星空……
CH0295+CH0296,crisis,复看去。 这一看却是浑身一颤。 黄复依旧跪在地上，但双眼却是没了眼球，正不断流出灰白色如同牛奶般的大量液体。 液体急速从其脚下朝四周蔓延。 “不好！！”上阳钧猛然感觉不妙，伸手狠狠朝黄复抓去。 神兵力场骤然在他手边形成一圈圈黑白色符文链条。,crisis,过他，他才幡然清醒。 “谁杀了我老师六山子。自己滚出来。”路胜也懒得多想了，直接信步走向战场中央。 走进一边是阵法彩光，一边是魔气黑影，中间刚好有一小截空白的缓冲地段。 路胜脚步不停，步入其中，但他这一句话却是如同天雷般，骤然响遍整个战场。
CH0297+CH0298,crisis,看出了不少魔体的特征，但她压根就不敢相信。 展孔宁和展红声两兄妹也是目瞪口呆的盯着半空中的路胜。 从一米多的阴极态，变身成近二十米的巨大怪物，他们看到了全过程。展红声还好，之前有一点心理准备，展孔宁却是满脸呆滞，全然没了平日里沉稳淡定气质。,reward,我没有什么真实身份，我就是我，元魔宗首席路胜。只不过刚好特别契合元魔宗秘术罢了。一口气接连突破，达到如今境界。”路胜早就想好了怎么说。 “特别契合……难道说……您就是传说中和秘术契合度，达到完美层次的……”上阳钧似乎想到了什么，猛地睁大眼。
CH0299+CH0300,crisis,开，里面不时有黑影闪过。 “这里……就是曾经的西极院总部？”红坊白略微好奇道。 曾经她被学派驱逐追杀，如今却有机会来到学派中最强一脉的总部。就算是已经破败后的，这种感觉也难能可贵了。 “走吧，这里有很浓的魔气污染，你们跟紧点。”路胜平静道。,reward,早时候，我以为自己有问题，就没敢和老师说，只是后面发现完美契合，境界越修越快，修为越来越强，就知道不能被外人所了解。” “……真是辛苦……”六山子叹息一声。“你说你得到了其他七大魔体？” “这个已经誊抄好，随时准备给您送过来。”路胜缓缓道。
CH0301+CH0302,crisis,压在四人一鬼身上。几人顿时两眼一翻，晕倒在地。 路胜面色不变，看向白面。 “人最难对付的，是他自己。不用担心。”所以他用混乱力场稍微压一压这几位，在元魔宗的诸多秘术中，稍微引导下，就能让几人进入和自己对决的精神梦境中。 这其实是很简单的事。,crisis,过头。 “去吧。”路胜解开身上黑袍罩住上阳若，除非他想杀人，否则就算对方再诱人也没戏。 酮体被罩住后，他伸手一挥，顿时噼噼啪啪数声脆响，上阳若身上被设置的无形力量顿时被解除。 她迅速站起身，用黑袍裹紧身体，恨恨的看了眼路胜，转身便跑出房间。
CH0303+CH0304,crisis,等事……？”其实很早很早，他便对自己的身世有些猜疑。 虽然确实是毫无天赋的庸人一个，但修习元魔秘术后激发的一丝丝血脉之力，终归不是假的。 那一丝燃烧之力虽然很弱，顶多就够点个旱烟，或许下一代就会被彻底稀释到无法激发的地步，但终究是血脉之力。,crisis,至于因为他凡人帮主的身份就来拉拢他，所以这样更能看清他们的目的。 “如果目的不单纯，那就全部捏死。这一世的亲人除了养育自己的路家，其他的多了也只是费事，既然当初不要我，就没必要再来找我。”路胜对此看得很淡。比起血脉，他更看重相处和养育之恩。
CH0305+CH0306,crisis,撑不住，就体弱病死。 这根本就是秘术吸干了她身体精华，试图凝聚强化远光血脉，从而导致的灯枯油尽。 所以实际上是她害死了孙艳。 这个问题一出，路全安也略微紧张起来，仔细听着答案。 “我……我……”彻杏顿了顿，两次张嘴，都没能将后续的话说出口。,crisis,大部分人手，全部人一起离开。 大宋虽小，但中间惹的麻烦够多了。先避过魔灾再说。 路胜已经隐隐预感到，魔军似乎是一直在为魔主降临做准备。大宋即将成为魔灾最前线，这里不是久留之地。 更何况他一口气吞了那么多魔物魔王，万一被魔军发觉，那也是大仇。
CH0307+CH0308,crisis,灵联手，开启魔渊，放出无量魔气，污染一切。导致大宋八成以上的国土灭绝，所有生灵被污染，沦为魔物。上千万生灵的灵魂痛苦扭曲，又进一步牵引了那个世界大门的开启……最终导致那一位恐怖存在的降临。 这一切的一切，其实源头只是这次的万妖宫之行而决定。,crisis,切正面情绪。能够感受到的，只有痛苦。而最后的毁灭之门，我也不清楚。只是看过记载，大概知道那是打开就会释放毁灭的地方。那里有着一切的禁忌，传说当世间的某种物质，某种东西积累到一定程度时，就会有神秘存在觉醒，打开毁灭之门，净化一切，重塑一切。”
CH0309+CH0310,reversal,会再见。”她真诚的露出一个纯净完美的笑容。 路胜从未见过有人能笑得那么纯粹。看到笑容的瞬间，他仿佛置身于满是阳光的向日葵花海。 温暖，和熙，让人忍不住想要上前一把将其拥住。 没有再多说，路胜转身一步跨出，转眼便消失在原地，消失在地道拐弯处。,open,维护。 路胜借着夜色轻轻落到黑崖上，在距离小山庄还有数百米之外停了下来。 他稍微整理了下衣袍，快步朝着山庄走去。打算花钱借个地儿住一宿。能住温暖舒适的床榻，自然不愿意在野外将就。 山庄里点着温暖的灯光，两个包着厚实油纸的大灯笼不断随风摇晃。
CH0311+CH0312,open,，边角尖锐，气势不凡。 路胜不认识这个字，他只是从猎户那里学到了基本的交流用语，只会基本口语，还没法彻底融入这里。 大阴比大宋强大许多许多，他曾经在典籍上看到过少许的描述。在大宋都有魔主镇国级存在出现，更别说大阴，镇国级肯定有，而且不会少。,reward,是想要加入春阳派。 路胜从魔手书生那里得知，大阴王朝里，这样的情景很正常，所有人都尚武，就算是农家老汉都会几手庄稼把式，没练过的壮汉还不一定能打得过老人家。 正因为如此，所以三大宗门在大阴，不只是普通的武道门派，也更是无数人心中的武学圣地。
CH0313+CH0314,crisis,此时也眼看着变好起来。 冯远小眼睛四处一扫，顿时看到了林家公子身上的华丽服饰，马上明白油水上门。 “扰乱报名秩序，损害预备弟子安全，不行，嘿嘿嘿，这事有得查。”他走上前去，提起林家三公子，一边吆喝着几人过来接应，一边朝着春阳派的报名点回去。,crisis,时间推移，渐渐的，路胜有些观察出名堂了。 随着澄空子能量反应中产生的细微变化，路胜一开始没看明白，但结合前世地球对宇宙的各种猜测和模型猜想，他猛然想到了一个可能…… “难道说……他们是在……！！？”陡然间，路胜似乎想到了什么，双目猛地睁大。
CH0315+CH0316,crisis,上便看到路胜转身离开院子，朝远处走去，他还想问到时候怎么找，春阳派那么多人…… 但路胜压根就没给他询问的机会，人影明明走得不快，但转眼便没影了。 回到春阳派，路胜也开始正式的修习朝阳一气功。 第二日一早，他便和众人一起，在山崖边上集体早课。,crisis,级宗门。这样也能接触更多的这里武道体系的秘密。 听说原本的第一弟子热门人选是春阳大长老的孙子，不过没办法，谁让他挡了自己的路。只好对不住了。 他可没空慢吞吞的在下面底层熬资历。 至于这个大长老会不会碍自己的事，路胜并不担心，碍事了弄死就是。
CH0317+CH0318,crisis,死几个，别怪我没提醒你。”路胜有些不耐烦了。 林奇亚气得浑身一颤，胸口一闷差点吐血。月影宗可是最近的和春阳派齐名的武道宗门，可眼前这人居然…… “嘿嘿嘿！好大的口气！年轻人，就算李崇阳当面都不敢这么说话。” 忽然半空中一道苍老声音遥遥传来。,crisis,手。” “那我真是运气好了。”路胜远远看到有春阳派标记的马车靠过来，等着两人。知道自己这趟是真的引起春阳派上级注意了。 本来还打算把那个藏在石头堆里的年轻人干掉，不过现在也无所谓了。 区区一个虫子都算不上的小家伙，给他一千年都威胁不到自己。
CH0319+CH0320,reversal,天阴测测的，不知道谁得罪过他一样。”张开荣不满道。 路胜又和两人随口聊了几句，便带人离开院子。 重新进到长老殿处，马上有人出来接待了他，并给了路胜一张单子，上边记录了他新划分到的住址，和每月可以领取的新物资份额。 路胜顺利入住那处新的别院。,question,加上宗选拔。你们一共三人，这里，对你们而言，终究还是太小了。先去见大长老吧。”非空子摇头道，面色复杂。 路胜点点头。眼中微光一闪，这也正是他原本的目的。春阳派的规模明显不足以让他这样的绝世天才放开手脚，尽快成长。 所以上边有这决定也属当然。
CH0321+CH0322,reversal,协议过，谁也不去触碰，到底怎么回事？怎么被毁的？你可知道，那里链接着的是什么地方？？那不只是魔渊的封印！” 卡菲露出一个无奈沮丧表情。 “我很遗憾陛下。解开封印的，是一个外表看起来像魔族的人类。我认为是修炼了魔道秘术融入了魔刃入体的人族。”,crisis,体内都或多或少有着神兵血脉的存在。”路胜隐隐已经分清楚了其中的关键。 普通人，只能成为饲料，只有血脉者，才能成为主人。大阴，更像是加强版的百脉学派。或者说，百脉学派，极有可能就是学的大阴王朝这种制度，可惜他们又没学到最精华的精气结界这一招。
CH0323+CH0324,reward,开始。”测试者高声道了句。 路胜沉吟了下，接过测试长剑。 他之前表现出来的力量，就是拘级了，这已经是资质能够表露出的极限，再高就不正常了。速度的话，也只用拘级吧，一纹左右就很足够了。 “怎么？有难处么？”边上测试者见他没动静，疑惑的问了句。,reversal,青青继续推她。 “好吧好吧……你先去躲好，姐姐一会就来找你。”费白绫无奈答应下来。 “那姐姐，青青先去藏好了哦？”费青青认真回答道。 费白绫吐了口气，随手丢掉手里的柳枝，回过头。 “咦？青青？”刚刚还在自己身后的费青青，此时忽然一下不见了。
CH0325+CH0326,reversal,都是要常人退避。这排场倒是不错了。” 路胜仔细感应了身后几辆车，都是和他一样，有一个长老带着一个年轻人一起。 张世龙长老笑了笑。 “这个是特权，但也是我们的责任。我们秋月郡分宗，除了要负责筛选精英送入宗脉外，还有着负责郡城安全方面的责任。”,crisis,出一大块缺口。 路胜提着刀施施然从缺口走出去，很快朝着纸卷上标明的方向走去，消失在扬起的灰尘中。 就在几人离开后不久，一个个双眼瞎掉，眼角还流着血的黑衣僧人，低着头双手合十，快步从大殿内走出来。 僧人分成两队，分别从围墙缺口和拱门方向追去。
CH0327+CH0328,crisis,双手掌刀全力看向他后方。 其余黑僧疯狂扑上去，狠狠将路胜抱住，包裹成一个大肉球。 就在这时，检查者下巴微微朝宝石方向示意了下。陡然间，宋都从一侧角落里冲出来，迅速将雕塑额头的蓝宝石挖出，然后冲检查者点点头，拔腿就跑。很快便消失在接到巷子里。,crisis,，一切你想要的，都不要束缚自己。否则时间久了，你会越来越扭曲。”铠甲人提醒。 “我明白……”路胜点头。他忽然明白大阴的重心在哪了。外界的开拓探索都搞不完，更别说魔帝的牵制，整个大阴的军力一直都处于不够用的状态。自然也没力量去入侵周边大国了。
CH0329+CH0330,crisis,度，也达不到植入神兵碎片的程度，首先要达到一定修为高度，还要本身就是血脉者体质，再次再用大量天材地宝强化滋养到一定高度。 植入碎片之后，每隔几个月，还需要大量的特殊资源抵消排异反应。消耗之恐怖，一般小家族顶多供养一两人，就可能会被拖垮破产。,crisis,用了一息不到的时间，便消失得无影无踪。 “……” 啪。 地面岩石炸裂开道道裂缝。 苏狞扉缓缓站起身，面无表情。 “看来是我很久没有行走在世间，让很多人忘了当年的痛苦。”她往前踏出一步，下身从黑裙中伸出，却根本不是腿，赫然是无数灰黑狰狞树根。
CH0331+CH0332,crisis,的说，路胜的一滴血，都可能疯狂吞噬腐蚀掉普通拘级的黑膜。 内功气液，硬功外道，不只是强化了他的肉身这么简单。其他拘级，虽然也有超速再生，剧毒和绝对防御等能力，但身体的真正本质活性，是没有达到这个地步的。 他们只是依靠的黑膜之力。但路胜不同。,reversal,主上前一步，朗声道。他身边那个万宗主已经开始双手拉出一道道绿光锁链，将这里四周都一处处用锁链封锁起来。 “如果我没猜错的话，路师弟所拜的老师，应该就是传说中因为一次意外才加入我千阳宗的那一位。” “那一位？”路胜无语，能不能不要这么卖关子。
CH0333+CH0334,question,似乎并没有声张出去什么，很快因为大动静引来的打探探子，慢慢减少消失。更多的是转移到了其他人身上调查。 路胜再在城里转悠了几圈，很快便利用自己的隐藏气息优势，轻松甩掉所有跟屁虫。 之后他先去药材店买了些必备药物，再到制符店买了些简易制符书籍。,crisis,动检查者袭击自己的，那还不至于，三大宗相互竞争相互扶持，但不至于相互厮杀。一旦被发现，这可是等同于叛逆的大罪。 目送着少女离去，路胜活动了下身体，回到马车把东西带起，还得早点回去修习大日明光功。 他可没工夫和这小地方的小女孩玩什么猜谜游戏。
CH0335+CH0336,reversal,天才，也不像大宋这么稀少，只要进度稍微稳妥隐蔽些，不太夸张，应该没问题。 他注意力迅速聚集到大日明光功上。 “提升到第一层。”路胜开始凝视方框。 片刻后。 嘶…… 大日明光功的方框缓缓模糊起来，数息之后，方框恢复清晰，路胜面上金色一闪即逝。,crisis,算了，反正我对环境也不是很在乎。” 重新深吸一口气，一口精气继续灌注下来。带着恶臭和砂砾杂质。 路胜瞬间顿住了。 重新睁开眼，他站起身。 “明天就清空周围所有住户。方圆两百米内，谁敢住进来我他么就弄死谁！” 嘭！ 他转身进了卧房，睡觉去了。
CH0337+CH0338,reversal,传来阵阵嬉笑声，像是有不少小孩在笑。 他猛地回过身，看到身后不知什么时候站了一个小孩子。 是个小男孩。 他面色铁青，脸上带着灿烂的笑容，双眼直直的盯着路胜。 “你……”路胜刚想问话，便突然一愣，在他眼前的小男孩就在他眨眼的瞬间，淡化消失了。,crisis,魁梧身影提着把冒着白烟的剑，缓缓走进围墙缺口。 人影赤着上身，一身肌肉如同扭曲的千年树根，盘根错节，弥漫着钢铁般的金属光泽。 最为惹眼的是，这人身上有着大量血红色网状花纹，这些花纹在黑暗中泛着清晰而血腥的残忍光晕。仿佛一条条攀爬的吸血线虫。
CH0339+CH0340,reversal,去。 路胜随手将本子丢给身后的费白绫，开始在四处转悠起来。 书架上一排排的书籍覆盖了厚厚白灰，他随意从中抽出一本，封面印着：《海难三十六大事件》。 路胜皱了皱眉，又换了本书抽出来。 《季风与洋流》。 接连换了好几本，都是和海洋航行有关的书。,crisis,，血肉飞速编制生长，在一阵稀里哗啦的轻响中，不到五息，一只全新的手掌出现在路胜身上。 “居然能对我的肉身也能刺伤……真是不得了了。”路胜很有兴趣的盯着三人手上的匕首。 至于被切断的手掌，这种东西如果他愿意，一个时辰内长出一百只手掌都没问题。
CH0341+CH0342,crisis,引起上宗注意了，秋月郡直属的上宗，是莫凌府千阳宗，那边已经正式对你传出调令。你挑选好辅修功法后，等调令抵达就可以启程了。”陈静之解释道。“当然你也可以选择留下来，就在秋月郡，但这不是好的选择，这里太小太弱，没有真灵塔，对你的成长限制太大。”,reversal,程中，元魔宗等人到了，找不到他，也是麻烦。 这么一想，他确实需要一些人手帮自己盯着外界动静。 “这么吧，云师姐若是有空，一会儿能否带路某看看合适的人手。我需要那种能保证绝对忠诚的奴隶。”路胜沉声道。 “没问题！保证师弟满意。”云万飞肯定道。
CH0343+CH0344,reversal,乖巧的神态。 上了茶，两只人面蜂就悬浮在两人身后。 啪啪。 云万飞又轻轻鼓了鼓掌。 通道内又缓缓走出两个不着片缕的一男一女，两人无论从身材到模样，都是一等一的俊俏。 只是这两人走到路胜和云万飞面前，却是屈膝跪下，转过身，将自己后背对着两人。,reversal,着的路胜。一时间她面色复杂，眼中羞赧里夹杂着庆幸。 “也是，如果不是你，或许我也得不到这么好的待遇……” “好久不见。”路胜笑了笑，“不过在叙旧之前，你还是先把衣服穿上。” 端木婉这才反应过来，赶紧蹲下身，手捂住胸前和下身，脸上羞红更浓了。
CH0345+CH0346,crisis,强行将自己的肌肉骨骼扭曲移位，然后压缩成一个畸形的状况。那样的两种形态，对他而言都是一种憋屈，根本无法发挥真实实力。 但如今就不同了。 不用任何魔元，气液，甚至不用动用八首魔极道。他真实的本体，就已经是掌兵使层面的魔王级。虽然只是下位魔王。,reversal,环境。 一口气提升这么多，等到路胜彻底完结时，外面已经天黑了。 他起身，开门走进院子，正好看到端木婉正指挥着几个下人在分配任务。 整个院落被打理得干干净净，井井有条。 地面干净整洁了许多，墙壁四处都少了污垢。一些发旧的地方也全部换成了新的。
CH0347+CH0348,crisis,重视的原因。只是没人会想到，他会这么快就到达七纹。 真气一丝一缕的注入绢帛，渐渐的，在他注入了自身约三成真气时，绢布骤然亮起一层白光。 转瞬间，白光包住路胜，猛然一缩，凝聚成拳头大小的一团光球。 噗。 光球炸开，化为无数光点缓缓淡化，消失。,question,的匕首露出一点点刀刃。那刀刃上，正有五个红点急速移动，显示着之前放出的隐形奴仆方位。 “要尽量不造成太大损伤，还是得用和平一点的手段。”路胜抽出匕首，随意挥了挥，笑了笑，“那就全部砍断手脚吧。” 反正只要活着就好，活着，就不会损失多少精气。
CH0349+CH0350,crisis,同下雨。 路胜有些错愕的看了眼远处夜空，黑光已经跑得没影了，那速度就算是他也望尘莫及。 “一个地元境的小家伙，居然有着连我也追不上的速度……有意思。”他忽然感觉原本无趣的千阳宗似乎又有了新的玩法了。 他回头看去，原本重创的墨灵也消失不见了。,crisis,面对路胜，她才明白那日那三人真正的感觉是什么。 那种如同走在钢丝上，刀刃切割脚底鲜血淋漓的感觉，不是真正面对，根本无法体会。 “我……”白鹭英有些后悔了……后悔答应那个计划。 嘶…… 如剑出鞘般的风声吹过，一时间白鹭英咬紧下唇，僵立在原处。
CH0351+CH0352,question,是六纹层次的拘级，如果自身全靠黑膜加成，而没有额外锻炼强化速度的话，一样抓不住这东西。 也就是他，七纹巅峰的速度和力量，轻轻松松便追上神兵，抓住带了回来。 这神兵其实只是镶嵌了神兵魔刃碎片的普通飞镖，但在外界那种地方，便被认为是了神兵利器。,crisis,自己放低姿态，应该能轻松揭过，解决问题，此时却没想到对方居然一句话硬打了回来。 他面色猛然一僵，就这么站在原地，一时间居然不知道作何反应了。 以他的身份地位，一个猛虎帮的副帮主，居然敢当面不给他面子？ 不只是他，就连商船上的其余人都是一呆。
CH0353+CH0354,crisis,剑撂倒。 哗。 大船断成两截，朝两侧翘了翘，激荡起大片波浪，随后才缓缓进水，下沉起来。 路胜身边的猛虎帮高手一个个面色如土，已经有些不知所措了。袁引霄被刚才的斩船一剑追上砍中，此时估计是凶多吉少。没了领头人，他们这些普通高手也就没了主心骨。,question,让路胜意外的是，这转门就和地球上酒店宾馆前面的旋转门差不多，人走进去其中一格，跟着门转动，便能直接走进内厅。 跟着四翼旋转门走进店铺，里面是呈回字形的柜台。正中间是根柱子矗立着，周围四面都是柜台，一个年轻伙计正麻利的用抹布擦着柜台上的细灰。
CH0355+CH0356,crisis,死要钱，没办法，我们千阳宗九成九的魔界交战存活率，怎么来的？还不是靠的千阳黑日大阵，可这大阵撑一天就得消耗多少资源？你们现在多交钱，以后就能有多安全。” 五人自然都不是那么容易糊弄的，都不以为然，填了表，交了钱，一起都被安排着往大殿里面走。,reversal,内院的规矩果然简单暴力。不过这样也能看出，这莫凌府的千阳宗已经腐败到了什么程度。他身边的几个所谓的内院弟子，除了有钱外，身上真气修为波动，估计连四纹都不到，还极不稳定。 要知道就连支脉当初和他争夺绯红神龙标的几个三宗弟子，都至少有四纹波动。
CH0357+CH0358,reward,没问题了，神魂虽然不足，但如果能悟通这块泥板……” 路胜凝视着泥板。仔细琢磨起上边的刀痕起来。但看了很久他也一无所获，这些刀痕看起来就和一般的刀痕没什么区别，他甚至有些怀疑是苏狞扉故意随便弄来的刀痕泥板给他看。 “深蓝。”他索性唤出修改器。,reward,先找一个所有人都必须经过的地方拦截。” “为防她易容伪装，最好把所有遇到的人都打残，之后慢慢检查。” 似乎感觉这工作量有些浩大，路胜皱了皱眉。 他最后扫了眼缚灵宗方向，已经决定直接从三宗的休息点下手。 “祈祷吧……祈祷我提前找到想找之人。”
CH0359+CH0360,reversal,看到，房屋里的地面上什么也没有。 嘭！ 又是一条手臂从后面破开墙面，抓向路胜后背。 “逐日剑第一式，云散。”路胜手腕一抖，长剑刹那间划出一团白光。反手挡住自己后心。 黑手和白光铛铛铛铛的交击出无数细碎透明真气。很快黑手如同蜡烛般被急速削碎。,crisis,来是怎么回事。 “这位师兄……您这……到底是什么意思？”一个幽铟宗的高瘦男子站出来语气不善道。“我们宫池师姐也在附近，或者我们该把您的意思给她也传过去。” “宫池？”路胜随手把长剑刺入身边的地面。“不用了，你们有求救信符么？发了让她过来。”
CH0361+CH0362,crisis,。 十多人围着一头蒙着面的巨大白色怪物不断闪躲跳跃，时而上前劈砍刺上几招，然后又马上后撤跳开。 那白色怪物脑袋成三角形，没有五官，面部只有一个硕大的黑字：佛。 怪物身高四米多，四肢细长，手臂双脚都长着倒刺和锋利的镰刀般刀刃。其动作极度敏捷。,crisis,给他了？”老者诧异道，“以前没见过你这么大方啊？” “怎么可能，我乱画了几下做了块新的而已，死寂石板怎么可能随便给人？” “上边什么内容？” “不记得了，是套普通刀招吧。” “那你要他领悟什么？？”老者无语。 “谁知道呢。”苏狞扉面色冷淡。
CH0363+CH0364,crisis,但宫师姐，您幽铟宗的实力本就比我千阳强，再加上我们什么情况您也应该知晓，不要到时候你们仗着人多势众，争夺莫凌府最强相互助力，那时谁来为我路师兄和长孙师姐考虑？”谢玉琼赶紧出言反驳，虽然宫池比她强很多，但现在有路胜撑着，千阳宗也不惧其他什么。,crisis,头。”那个讲价的千阳宗男子得意地笑道，“本来他们要八千，也不看看小爷我家里是干什么的？我几个回合就直接压价到五千。” 他得意的笑容瞬间被放大在整个镜面上，直径数十米的镜子上，顿时清晰的映照出这人的面孔。 顿时整个校场上高层们都传出一阵哄笑。
CH0365+CH0366,crisis,”他问道。 “正是，我等是缚灵宗赵……”那男子话没说完，便猛地脸色一变，往后狂退。 哧！ 一道刀光从他身侧一闪而过。路胜不知道什么时候居然闪到他身侧，雪亮的刀光从他手中炸开，不只是斩向俊美男子，还同时斩向在场的十多名缚灵宗人。刀光一闪即逝。,crisis,乎我就会给你优惠。”男子冷笑道。“要么给钱，要么去死！” 这话一出，就连孙荣极也不由得面皮扯了扯，扫了眼男子胸前的千阳宗标志，不由得颇为怪异的看了眼长孙蓝。 “你们是同门吧？？” 黎脉也是面色古怪，终于明白了什么叫“为了钱可以六亲不认”……
CH0367+CH0368,reversal,是莫凌府三宗。 府级的三宗，虽然最强的也不如他如今实力。但路胜也不轻视这些人，府级的三宗，最强者至少也有接近圣主的魔王巅峰了。也就是掌兵使级别的顶峰，和他之前差不多。这样的大高手，能够涉及到的秘法功法，数不胜数，难保会有一些能看穿他的伪装。,crisis,莫凌府千阳宗最强之人，成为掌兵使也有一千多年的老怪物。现在更是修为深不可测，谁也不知道他到了哪一步。 一下之间，他甚至感觉整个人都被声音震动得颤抖起来。他抬起头，睁开眼，却看到路胜一脸讥讽的笑容。 “废物。”他看到路胜无声的说出两个字口型。
CH0369+CH0370,crisis,两人交换了相互之间的住址，路胜才缓步离开。 出了传送点房间，前面便是一片广场，广场正中那块巨大的六角水晶，正闪烁着微亮的白光，正是之前他们进入黑印寺时的中央广场。 路胜回头看了眼身后，他出来的地方，是座手持弓箭朝远处眺望的修长青年雕像脚下。,crisis,现在他是打不过对方，但以后，这笔账他会慢慢算。 错引功法，无异于杀人灭族之仇，一旦他真正练岔了功法，可能导致的后果，根本无法想象，走火入魔，身体半残还算是小的。自爆身亡，疯疯癫癫那也是常有之事。 不知不觉间，路胜眼底深处的一丝杀意越来越深。
CH0371+CH0372,reward,圣主，其实都是一个层次，另外所谓的乱神兵，也就是凶兵，也是这个层次。之后才是掌兵使，再之后才是地元上中下九重。实际上，我等圣主，已经是站在整个人界最上层的位置。除开兵主，便是我等最强。这点你也曾听闻吧？”苏狞扉淡淡问道。 “是。”路胜点头。,crisis,龙翼，缓缓展开，遮天蔽日。 吼！！！ 这黑影赫然竟是一头体长上千米的漆黑巨龙。它仰天朝着大阴皇庭方向咆哮怒吼，浑身冒着无数黑色烟雾。 其龙头的四对犄角正中，正静静站着一个身穿紫色铠甲的雄壮人影。 他的身后披风，是由流动的燃烧的紫色火焰组成。
CH0373+CH0374,question,到外界去了，还在乎这么点小钱？就是三宗长老也有靠着你周家吃饭的，这么逼着人家一个小拍卖行，有意思么？”胖女人嘲讽道。 “小拍卖行？啧啧？”周勇谭咂巴了几下嘴巴，不再多说了。敢拍卖神兵的拍卖行会小？这笑话一点也不好笑。 胖女人也闭嘴不出声了。,crisis,以他也真心实意的想确认两者之间的关系。 反正他如今是圣主层次，和神兵魔刃属于同级存在，也不怕对方占主导。 路胜握住剑柄，缓缓将自己真气注入其中，这趟他也很注意，生怕一不小心把这潍河剑弄坏了。毕竟是他花了二十万魔金买到的，真要坏了就损失大了。
CH0375+CH0376,reversal,，短时间不会再用得着。”长孙蓝连忙回答。 元正上人又看向路胜。 路胜有点懵逼，他都忘了神兵原来是需要祭祀的。 “我……也没问题……”他迟疑道。 “我觉得我有问题。”潍河剑冷不丁幽幽的冒出来一句。但马上被路胜手一捏，接下来的话被痛得缩回嘴里。,reversal,吗？”路胜舔了舔嘴唇，握紧手里的剑柄。 他低头望向下方的如同沙盘一般的广袤平原。 叽！！ 左侧一头黑色巨鹰振动双翼，朝着路胜三人凶狠的扑来。 巨鹰光翼展便有三四十米，远远望去，它的尾巴居然不是一般的鸟类尾羽，而是大片黑色张牙舞爪的尖锐树根。
CH0377+CH0378,crisis,起来。最后噗通一声，跪倒在地。 “你……人类……卑鄙！！”这魔族咆哮着，气喘吁吁瞪着一双血红眼睛盯着路胜。 “死就死吧，还这么多废话作甚。”路胜笔直一剑对准他眼眶刺进去。 血浆缓缓从剑身边缘渗出，魔族往后仰倒在地，抽搐了一会儿，便没了生息。,crisis,阵法。 三人经过这一役，相互之间已经隐隐有了小团体的意思。 这也是九威洞主愿意看到的一幕。这死人脸难得的对路胜和长孙蓝露出一丝笑容，转身也带着缚灵宗的人离去。 至于路胜之前让缚灵宗的弟子出局，那和他本人无关，被敲竹杠的是其他长老殿主的后辈。
CH0379+CH0380,crisis,榜第三。”苏狞扉冷淡道，“与其如此，还不如将他丢出去试验一番，正巧有这么合适的人选。我正想看看这刀真正发挥全力，到底能达到什么程度。你放心，真要出了什么乱子，邪兵暴虐，无论人界还是魔界，都不会有谁敢容他存于世间。” 老者长叹一声，没再说话。,reversal,个故人。”路胜打断孙荣极的滔滔不绝，面上露出一丝笑容道。 …… “抱歉，我有事先走开一阵。”幽铟宗队伍内，一个面色冷淡的银发女子不礼貌的打断面前男子的滔滔不绝。 “哪里哪里，鹤师姐请便，请便。” 司马鹤淡淡点头，转身紧随着白裙女孩走出大厅。
CH0381+CH0382,question,那人影声音凄厉，当真是闻着流泪，见者伤心。 此时琼觞跑近了，才看清楚，那人赫然就是当初带他逃出宫找穹寰作掩护的观星大臣刘松簿。 “五姐！！？五姐她怎么了？？！”听到刘松簿的叫声，琼觞猛地浑身一抖，顿在原地一动不动，整个人仿佛魔怔了般呆住了。,crisis,天河真人却是真的连上去扶一把都不敢。 不是他们太胆小，而是就在这千阳宗内院，大阵笼罩范围内，众人已经隐隐感觉到有一丝心寒之意从背心升上来。 仿佛暗处有着一道视线在平静的盯着众人。 路胜知道，这不是他们的错觉，而是他那个便宜老师，真的来了……
CH0383+CH0384,reward,翼蛇印记。一旦被留下这个印记，就如同神兵辐射到其余地方一般。极其难祛除，也算是为李顺溪的安全做个保险。 路胜不会做李顺溪这种老好人，到处救人，但他欣赏这种人，并喜欢和其交好。这样的人，一旦让其承了自己的恩情，以后需要用到他时，必定能有回报。,crisis,天空都震动起来。仿佛世间的一切都在震颤，无穷的绿色光点从两人脚下升腾飞起。 轰！！！ 刹那间两只巨手从下方伸出，狠狠在路胜方位砸在一起。 巨手长达百米，粗也有十多米，两只手掌呈墨绿色，合在一起是如同两块巨大磨盘，死死将中间的路胜挤压碾碎着。
CH0385+CH0386,crisis,趟已经可以跑地下和提前他杀掉的那么多人称兄道弟了。 “是你自己找死！”上阳飞尖叫起来，声音混着男女同音，也不知道此时控制身体的是她自己，还是维拉魔帝。她四肢疯狂的，以一种完全违背人体角度弧度的方式和频率，疯狂在半空中挥舞出无数墨绿爪影细线。,crisis,不介意。 但一把可能在最关键时刻掉链子，还可能会反戈一击的神兵，就算再强，也完全没有存在的价值了。 他不知道其他什么法子能毁掉神兵魔刃，他只知道，自己的肉身，最强大，而自己的牙齿，是肉身中最硬最强的部分。 “既然爱我，为什么不给我去死！？”
CH0387+CH0388,crisis,。 噗！ 一只指甲尖锐的手臂从内部一下冲出，刺穿整个黑卵表皮。 手臂白皙细腻，压根就不是魔界生物的粗糙构造。而更像是人界女子。 嘶啦一下，黑卵朝着两侧分开，彻底撕裂。里面大量半透明的粘液四溢流出，淌在地面，很快便被草丛内的肥沃黑土吸收进去。,crisis,蓝真正的用法啊……”路胜头一次体会到了自己这个修改器真正最强的是什么。 不是别的，而是他近乎无限可能的恐怖推演力。 这一刻，他想起了前世地球各种只存在于理论中的恐怖威能，恐怖天灾。 “超新星爆炸，星系碰撞，宇宙黑洞，暗能撕裂，次元破灭……”
CH0389+CH0390,reversal,金色的千阳宗赤金真气，随即又转化为一大团漆黑色魔元，最后又变换成纯白色的气液液滴。 三大体系，尽皆吸纳。 “完成了……接下来，只要收集神兵魔刃，然后阅读足够多的各类典籍，为下一步的推演提供养分材料即可。” 路胜已经彻底明了了自己以后的道路。,crisis,打量，就能发现他身材健壮，明明年纪很大，却自然散发出一股野蛮强悍气息。 但路胜却能敏锐的察觉到，其体内蕴含着极其庞大的怪异力量，相当于掌兵使层面的力量。 “宗主可以叫我石。”这位显然就是当初被镇压在秘术殿下的那个古老魔王。同样的掌兵使层次。
CH0391+CH0392,crisis,重失职，之前还出了那般血案，若是真给上报上去，可是要问斩的！ “萧司主倒是果断。此事到此为止，另外，本宗本族在迁徙过程中，接连遭受袭击，袭击者身貌显著，速度力量极强，招式动作……”路胜开始把袭击车队的那伙人的外貌特征等一一给萧司主描述清晰。,crisis,不用我们亲自出手，自然有那边的人动手。”黑雾里传出尖锐细腻声音。 “魔界那边……还肯出手？”铮显疑惑道。 “暗地里是不行了。不过……找机会围杀，还是可以的。那路胜惹的麻烦太大，我们静观其变就好，这已经不是我等能掺合的层面了。”黑雾人摇头道。
CH0393+CH0394,crisis,同时领命，千阳宗借调过来的一众精锐纷纷露出笑容，这趟过来，可是路胜提前就允诺了不少好处的，大头反正有路胜路宗主顶着，他们只是服从命令。出发前，可是早就说清楚，能抢多少全看自己。 “杀！”黑鹿一族见势不妙，终于彻底绝望，带头抢先一步冲向对面。,crisis,手之事，真正最重要的，是神兵。 几人快步跟随阴影之王一路朝山谷深处掠去，谷中两侧到处都是蜂窝般的洞穴，里面隐隐能听到千阳宗弟子和黑鹿一族的族人之间的冲突争斗声。显然还有些许的残余抵抗，但三人都没在意，而是一直穿过整个山谷，地道最内层的底部。
CH0395+CH0396,crisis,是潍河剑异力，凡是任何力量，其实都是依靠神兵魔刃，或者其相关的血脉，或碎片发挥威力。 路胜此时也是一样。 仅仅低等神兵的潍河剑，被他用赤金真气包裹着催运，发挥出的威力，甚至达到了掌兵使层面。 这若是说出去，怕是要瞎掉千阳宗一大票人的眼珠子。,crisis,鲨鱼般细密锋利，嘴角顺着耳朵冒出点点黑烟火苗。 他轻轻甩了甩巨尾，低头俯视面前的小青蛇。 好久没彻底释放阳极态了，虽然现在只是放出一半，也足够解决面前这条不识趣的小东西。 “继续说。”他活动了下双手，准备只要这货再出言不逊一句，就当场摁死。
CH0397+CH0398,crisis,上的银票银子推来推去。 赌场侧面小门处，几个衣着华贵之人静静看着这里的热闹景象。 “怎么样？天洋兄？”其中一个为首的贵气男子笑着看向一旁的年轻男子。 这年轻男子面色泛白，两眼眼袋极大，身子瘦弱一副酒色过度模样，赫然正是路家的男丁之一路天洋。,crisis,色一凛，这也是他最担心的地方。他终归不是保姆，不可能二十四小时全天都守着家人身边。 “其实，这个也有方法可以解决。”潍河剑低声道。 “可以解决的法子很多，我只是没有信得过的合适之人。”路胜摇头。“凶手就藏在后宅中，但到底是谁，还说不清楚。”
CH0399+CH0400,crisis,路胜同样抬手，眉心亮起暗红翼蛇。他已经明白对方的层面了，绝对的魔界魔主，而且不是一般魔主，心中凛然下，他心头更多的却是升腾起丝丝兴奋和沸腾。 成就圣主这么些时间，他一直没机会与人全力交手，这趟居然在这野外被截杀，显然魔界是对他起了必杀之心。,crisis,阵容，可惜没想到……”另一红色人影缓缓起身，苦笑道。这是个一身赤光的高大男子，额头上向左凸起一个大包，容貌奇异，见之难忘。 他看向路胜身前的萧紫竹尸身。 “控心魔主也算是我人魔两界鼎鼎有名的老魔头了。没想到他的一具阴身居然被路兄斩杀于此。”
