stage,chapter_id,title,sig_count,reward_signals_clean,hook_type,hook_tail_quote
Stage1,CH0039,第39章 弄情（三）,4,推演 融合 强化 得到,crisis,是像上次水鬼留下的那种鹅卵石再多点，或许我还能推演其他黑煞功等更高级的功法。” 感受了下新的内功，似乎随着爆发力的增强，玉鹤功原本的自愈能力也得到了丝丝强化。 “这已经不算事玉鹤功了，既然是融合了黑虎刀法劲力技巧，以后，就叫黑虎玉鹤功算了。” 他心中这么想着，顿时修改器上玉鹤功显示的名字，也缓缓变成了黑虎玉鹤功五个字。
Stage1,CH0023,第23章 出事（一）,3,突破 提升 强化,reward,路胜腰后挂着长刀，刀只是普通的精钢打造，不是什么有名兵刃，但胜在厚重，不那么容易坏。 两人一路赶到九连城，小巧已经累得不行，中途还是路胜抱着她赶了一截路才支撑下来。 路胜现在修习黑煞功，再加上每日勤练刀法，身体远比以前强壮太多。 特别是黑煞功的刺激强化。 每一次在体内运转一圈，就感觉像是一团滚烫热气在体内滋养肌肉骨骼。
Stage1,CH0016,第16章 变故（一）,2,融合 得到,reversal,胜放下筷子，看向路全安。 “你说九连城收集不到武艺了，要不要去一趟沿山城？” 路全安认真道。 “沿山城？” 路胜一愣，他没想到老爹居然是要他离开九连城。 “是啊。”路全安点点头。“那里有我的一个老友，他前几日书信里提到，沿山城有中原名家高手开门授艺，你若是愿意，可去一趟那边，说不定可以带回来一两套中原真正的厉害武学。”
Stage1,CH0020,第20章 上路（二）,2,突破 提升,reversal,里来回走了几步。 他的伤势早就好得差不多了。只是一直在苦练黑煞功，等待气感。 只要有一丝气感，他就打算迅速提升内功，务必要让黑煞功真正形成自己实力的一部分。 就在这时，路全安匆匆忙忙带着两个家丁进入院子。 “胜儿，修养差不多了，今日就启程吧？” 路全安面色温和平静，手里提着一个黑色绸缎包裹。显然是为路胜准备的路上盘缠。
Stage1,CH0022,第22章 上路（四）,2,突破 提升,reversal,了许多，不似第一次那么艰难。 只是短短盏茶的功夫，也就是十几分钟时间。 路胜便慢慢缓过气来。 虽然身体还是很痛，无处不痛，一些新的经脉被黑煞功内气冲开，开始纳入循环网络，自然新的被冲开的经脉也需要修复，修复也需要时间。 但他现在的感觉。 就像是浑身上下充满了气，快要炸开一般。 “再试试！” 路胜站起身，抽出腰后的长刀。
Stage1,CH0015,第15章 蛰伏（五）,2,提升 得到,crisis,敛念头，路胜心头默念。 “深蓝。” 顿时一个淡蓝色界面出现在他面前。 他轻车熟路，按下修改键，然后精神集中在了玉鹤功的选项上。 “提升一层！” 选项上的状态顿时一跳，轻轻松松从一层，跳到了二层。 身体内部，一种被掏空的感觉猛然涌出，仿佛极短时间内纵欲过度很多次一样。 视线也有些头晕目眩起来，之前的那种潮热感又涌出来了。
Stage1,CH0017,第17章 变故（二）,2,提升 得到,crisis,向二头。 “来吧！”二头咧嘴一笑，大斧头挥了挥。指着自己脑门道。 “小娃子还像模像样的，往这儿砍！这儿！” “你爷爷我站在这儿原地不动让你……” 哧！！ 刹那间一道银色电光一闪而过。 路胜手中的长刀一下化作轻灵的燕子，骤然跨越数米距离，一下从二头身上横切而过。 噗！ 一颗人头骤然飞起。 血撒了一地。 整个院子一片寂静。
Stage1,CH0030,第30章 找到（二）,2,提升 成功,question,和原本一样。 专蜂见状，眼里闪过一丝悲哀。 “没用了，她已经傻了……阴气入脑，没了阳气支持，脑袋起码有一半以上的地方都没了生机，能活下来已经是奇迹了。这是那位道长说的原话。” 路胜心情沉到谷底。 抱着路轻轻站起身，又看了看其余两人。 这一男一女都模样俊俏俊美，身材也匀称漂亮，显然是这里的妖鬼专门留下来不知作何用途的货。
Stage1,CH0040,第40章 弄情（四）,2,突破 推演,question,，总是不散。 “可我也没办法，谁叫我天生就腿长呢？”陈芸熙仰起头，一脸愁苦的看着他。“我知道你可能瞧不上我，但我真的很喜欢你……” 她咬咬牙，从腰囊里取出一卷有着铜印的纸张，轻轻展开。 “我父亲说了，听说路大哥你家里要搬迁大城，不如就搬过来这里。只要你愿意，这是沿山城十五栋酒楼的商契，便都是你的。足以让路家站稳脚跟。”
Stage1,CH0013,第13章 蛰伏（三）,1,提升,reversal,。 仔细感受着在胸腹之间不断循环流转的玉鹤功内气，感觉新奇不已。 “感觉就像是身体内多了一条线。” 路胜试着控制这条线，发现这玩意儿似乎并不能往其他地方窜，只能固定在胸腹之间转圈。 而在这一丝内气转圈的过程中，他明显感觉到自己呼吸轻松不少，精神也要旺盛一些。 “入了门的内功，我看看……”路胜翻出秘籍来看了看上边的记录。
Stage1,CH0014,第14章 蛰伏（四）,1,提升,reversal,明显感觉胸腹处的气息比之前大了不少。 如果之前是头发丝，那么现在就是筷子粗细。 路胜又看了看另一门功夫，破心掌。 这门功夫显示未入门，外功和内功不同，只要记住招式心法，就能在修改器上显示项目。 而内功一定要先产生气感才能修改。 路胜打算先迅速提升玉鹤功，提高精气神总量，再来修改其他外功，这样一来，身体负荷也要轻松许多。
Stage1,CH0024,第24章 出事（二）,1,得到,reversal,，便是一个衣柜，一个梳妆台。 梳妆台后面便是窗户，此时那木窗半开着，露出外面黑乎乎的小巷。 蜡烛光从进门右手面的书桌上照下来，将大半房间都照亮，却反倒衬托出那半开的木窗更加幽黑。 路胜走过去，探头从窗户望出去。 木窗外的巷子，正好面对着路府的一处侧门。 从窗口望外望去，可以清楚的看到一条笔直小巷直通有些荒凉的白色侧门。
Stage2,CH0098,第98章 交易（二）,7,突破 提升 推演 融合 特效 强化 得到,crisis,念。 “是。” 对话框眨眼消失。 确定推演后，那种奇妙的感觉又出现了，路胜能够明显感觉到，在修改器里的所有方框中的武学，都可以进行推演融合。 他第一时间看向赤极心法。 “赤极心法：第七层。特效：血网。强化火毒，六重震荡，强化引燃。”后面果然多了一个可以推演的按钮。 深吸一口气，路胜满怀期待，意念在那个按钮上轻轻按下去。
Stage2,CH0070,第70章 融合（二）,6,突破 提升 推演 融合 特效 得到,reversal,气，全部被转化成了新内功的内气，其内气总量，在体内激荡不已，雄浑异常。 “既然是融合了两者特点，那么新功法就叫，阴阳玉鹤功吧。”路胜迅速给其命名。 新的阴阳玉鹤功，已经远远不是以前玉鹤功那种低级养生功，而是提升成了路胜也无法预料效果的高级养生功。 融合了多门内功的优点特色，这门新内功刚刚转化完毕，便让路胜感觉到了不同。
Stage2,CH0043,第43章 倩影（一）,6,突破 提升 推演 融合 强化 得到,crisis,想，来沿山城这几个月，他也暗地里调查询问清楚了这城内的情况。 沿山城高手不多，因为官府势力强盛，对江湖人马管束较多，所以这里的高手反倒是官场中人和带兵将领来得多。 其中名气最大的，便是一气青峰剑鲁城钟。相比此人，其余人都只是陪衬，不过鲁城钟已经八十七岁了，三个儿子都是城内高官，根本不好接近请教。 这个首先便被路胜排除。
Stage2,CH0086,第86章 秘闻（二）,6,突破 提升 推演 特效 强化 得到,crisis,这就是武道的极致。但就算这样，也不可能。” “而达到这样的层次，师兄也曾猜测过，这拘力是不是力量实力达到一定程度后，自然而然产生的自然反应。但后来发现不是。”洪明资眯起眼睛，“这拘力，不光有毒性，还是一种隔绝保护力量，它就像是一层鸡蛋壳，将那些不死的存在包裹得严严实实，不打破它，甚至连伤都伤不到他们。更别说破不死身。”
Stage2,CH0099,第99章 无忧王（一）,6,突破 提升 融合 特效 强化 奖励,crisis,头醉死在酒坊。却没想到，遇到了之前一面之缘的路胜。 而更让他想不到的是，这个才和自己见过一次面的陌生人，居然丝毫没有送自己报官的意思，要知道他现在身体亏空，虚弱无比，又醉得浑身无力，若是真要报官，现在便是最好时机，抓起他直接去衙门就行，那里还贴着通缉他的海报公示。 可路胜居然没这么做，而是说有什么能帮得上忙的，尽管提。
Stage2,CH0088,第88章 提升（二）,5,提升 推演 特效 强化 成功,reversal,晚可以将路尘心的尸首拉回来了，时间到了吧？”他忽然想起来问。 “到了。”玉莲子点头，不知道怎么的，他此刻看路胜，总感觉和之前比换了个人似的。 如果说之前像是猛兽一般让人感觉危险，那么此时的外首，气息更浑厚，厚重，给人一种更加稳固和山一般的沉静。 “那就先送到这儿来，我亲自送回去。”路胜吩咐。无论如何，家里都要一个交代。
Stage2,CH0050,第50章 事了（二）,5,突破 提升 推演 特效 得到,crisis,，知道这有可能是短时间内临时出现的一缕内气，之后随时会消失，他马上心中默念。 “深蓝！” 修改器界面浮现出来，还停留在刚才吸收了阴气后的状态，每个功法后面都有着一个可以推演的按钮。 路胜略过其他武学，视线笔直落在黑虎玉鹤功上。 “黑虎玉鹤功：第三层顶峰。特效：快速止血。” 下面便是新出现的阴阳引。 “阴阳引：未入门。”
Stage2,CH0103,第103章 逼近（三）,5,突破 提升 推演 特效 成功,crisis,的行走。 因为距离远了看不清，渔民便有人好奇，靠近查看。却不想因此接连失踪了七八人。引得了当地乡绅的注意。在自己调查无果之下，乡绅迅速上报，层层传递，失踪的人越来越多，最后才到了沿山城。 “一般这类失踪事件性质，都是极其恶劣了才会传到沿山城，一般的案子，下面的人也都能自己处理。只有实在没办法才会层层上报。”宁三低声道。
Stage2,CH0071,第71章 约战（一）,4,提升 推演 融合 特效,reversal,乎九成的硬功，都要特制的药汤药丸辅助，而没有这方面的技术，路胜根本不敢将这等关系自家修为性命的关键，交给他人处理。就算是赤阳丹，他也找过医者询问成分。之后还拿兔子尝试过。 所以所有需要辅助药材的硬功都被他略掉。 硬功只有两个书架，一共十五本册子，这便是赤鲸帮收集的全部积累，其中通力境到通意境的都有，但更上的凝神就没了。
Stage2,CH0102,第102章 逼近（二）,4,突破 提升 推演 融合,reversal,消耗更大。 路胜打算，最好能先把保命效果很好的九江铁索功之类的硬功，提高到提无可提的顶点。 他打算将能找到的所有硬功，若是条件允许，全部融合为一体，推演出一门最强的硬功。 同时那些冲突性质的，最好是把能修炼的都修了。反正有修改器在身，硬功这种东西怎么叠加都可以。 只要有足够阴气，他就能源源不断的修成各式各样的不同硬功。
Stage2,CH0085,第85章 秘闻（一）,4,提升 推演 特效 强化,crisis,着，我可以用阴气代替消耗，直接提升武学！”路胜忽然想到这点，双眼一亮。 如果这个猜想真的能成真，那么就代表着阴气不光可以推演武学，还能用来直接提升武学境界。 “深蓝！”他迅速叫出修改器。 淡蓝色方框唰的一下出现在他眼前。 路胜视线迅速定位在了其中的赤极心法上。 “赤极心法：第五层，特效：强化火毒，双重震荡，强化引燃。”
Stage2,CH0096,第96章 任务（二）,4,突破 提升 推演 得到,crisis,意，放下刀，又朝着中央卧房走去。 当初他来这里时，那怪异小女孩便是一直住在主卧房里。这庄子里还养了尸魄和一大帮子鬼物。 现在被甄家人扫荡后，或许能找到一些阴气还没散掉的东西物事。 嘭的一脚，踹开主卧房木门，路胜缓步捂着鼻子躲避灰尘，走进卧房。 地上横七竖八的躺了不少空衣服，还有很多像是骨灰一样的灰白粉末，撒得到处都是。
Stage3,CH0219,第219章 三夜（一）,7,突破 提升 推演 融合 特效 成功 得到,reward,随即对着洪源锐沉声道。“我有事先去接待下。” “爹你去吧。我还需要稳固一番。”洪源锐点头道。 洪清点点头，转身快步离开院落。 穿过院子，他走进侧面的花园，毫不停留的走过花园中的一道道拱门，来到一个被花丛包围的狭小角落。 到了这里他停住脚步，在这里等待了一会儿。 很快，一个面色发白，身穿素白长衣的中年文士，缓步走入角落。
Stage3,CH0154,第154章 到来（二）,6,突破 提升 推演 融合 特效 得到,reward,转。 这不是内气，也不是实物，而是纯粹的无数道震动，头发丝大小的震动。 这样的震动疯狂的提升和调节着路胜的肉身。 如果是普通的武者，要想达到这种程度，需要把这些武学一门门的全部推演突破极限，之后还要融合在一起，同一时间晋级，对肉身产生冲击，才能达到这般效果。 而没有修改器，就算是路胜自己，也至少需要上百年才有可能实现。
Stage3,CH0155,第155章 阴极（一）,6,突破 提升 推演 特效 强化 成功,reversal,系里推演出来的新境界，很快便看出了阴鹤网是个什么东西。 这是一张纯粹用阴性内气凝聚的经脉网络，之前的强化抗毒，高速自愈，渡气，同化，还有最关键的镇压阴阳等等特效，都凝固到了这个特效里。 “这完全是避开了原来的拥挤公路，自己建立交桥啊！” 搞懂这东西的功能后，路胜满脸惊叹。 这修改器居然把立交桥的创意，用在了内气运转上。
Stage3,CH0138,第138章 疗伤（二）,6,提升 推演 融合 特效 强化 得到,crisis,和温暖，没有任何不适。 “算了，接下来好好养伤。先暂时不动，等伤势痊愈后，再用剩下的部分阴气提升，看来阳气过重的弊端硬功得到缓解了。之后只要一直同步提高阴阳玉鹤宝瓶气就行。”他暂时不去多想，先恢复伤势要紧。他可不相信，无忧府死了这么多主力，会一点动静也没。 想必很快便会有人发现他在晚上前往东山山脚的动作，派人前来问询。
Stage3,CH0213,第213章 日暮（三）,6,突破 提升 推演 特效 强化 得到,crisis,的内容，路胜都能轻松理解，并记住。 转眼又过了七八日，路胜的布元丹吃完了，这一日又要去洞口等人送来。 他通过学派特殊的飞鸟书信，可以很轻松的将信件传到赤鲸帮众手中。并得知白铃城中的情况。 斜靠在洞口，路胜望着外面灰蒙蒙的瓢泼大雨，一时间有些走神。 “想家了？”荷香子不知道什么时候，来到路胜身后，也学着他站在洞口靠着墙。
Stage3,CH0156,第156章 阴极（二）,5,提升 推演 强化 成功 得到,reversal,根本看不出她是女性，光那堪比成人大腿粗的胳膊肌肉，就让人望而生畏。 最为诡异的是，女子全身露出的皮肤，都呈现出水浸泡过很久后的苍白。 “这么说，你追来是想要和我打一场？”女子下巴微微扬起，眉心紧皱，一头钢针般的白色短发被风吹得不断侧扬。 “你觉得呢？红坊主。” 另一个一身漆黑，手里握着巨大狼牙棒的人影，出现在她的对面。
Stage3,CH0198,第198章 决定（四）,5,突破 提升 推演 融合 得到,reward,批量生产来赚钱……”路胜视线缓缓从眼前的一溜秘籍上划过。 “玄光定神掌”、“大日流沙剑诀”、“还圣功”、“金风玉露决”、“蓝风玄武勾”、“八门皇拳”、“云煞掌”…… 一门门凝神绝学，名字都取得相当霸道，明显都寄托了创功者极大的希望，希望能够如名字一般强霸纵横。 “可惜……连天元也不过是俗世中较大的蚂蚁。”路胜微微叹息。
Stage3,CH0150,第150章 邪玉（二）,5,突破 晋升 提升 成功 得到,crisis,，但这些东西武盟很多，现在武盟乱成一团，盟主失联，路兄你完全可以带人去将武盟的势力接收一部分。另外，你杀了无忧府主祭，若是红坊没发现还好，若是被发现……”李顺溪没说下去。“路兄可前往中原，找一个叫青纵谷的地方。” 路胜微微点头，接过纸，上边是张地图。 “这还是武盟的地形图，路兄可按图找到他们隐居的山谷。”李顺溪低声道。
Stage3,CH0163,第163章 动作（一）,5,突破 提升 推演 特效 得到,crisis,的阴气，似乎花得也不那么浪费。 “特效：火血。” 路胜意念移上去时，迅速得到了这个特效的具体效果解释。 “极度的活化，让自身的细胞，血液变得具有超强吞噬性和侵略性。能抵抗绝大部分病毒细菌，因为超强的活性，对毒素也有极强的抗性。若是为其他生物注入或者吞噬，将会引发极其严重的排斥反应。同时对内气也会有极大程度的活化影响。”
Stage3,CH0209,第209章 秘闻（三）,5,突破 提升 强化 成功 得到,crisis,。 “老师，不如直接让荷香子和我对阵一场，其他人反正也都不是我的对手。”他借口提议道。 “可以。”大长老点头。 路胜身边的荷香子也不推辞，缓缓起身，走到场中。 “焦心，你的第四层过了没？”大长老转而又问其中一名女弟子。 “还没……” 一旁坐着的路胜，分明看到大长老眼中闪过一丝失望。这焦心是派中血脉资质仅次于飞蝗子的人。
Stage3,CH0187,第187章 不笑（五）,5,提升 推演 融合 特效 强化,question,里也不时闪过一丝恐惧。 颜开没和他争，他看得出，这个师兄是曾经被朝龙吓破胆了。但他见过路胜，知道此人如巨枭，行事肆无忌惮，极其直接残暴。加上此处也在北地境内，在这里要是惹得这位路大帮主不高兴，那结果不言而喻。 真要这两位对上，他不觉得路胜会输。 “不管怎么说，这两位都是我们惹不起的大人物，不要去招惹就是。”颜开低声道。
Stage3,CH0216,第216章 接连突破（二）,4,突破 提升 特效 得到,reward,只有当年号称最弱的大长老一脉传承下来，其余的秘术路线，都是残缺。 所以路胜别无选择，也只能选择鬼面决。 “阴气还有，可以继续提升。”路胜感知了下体内情况，肉身强度起码提高了两到三成。而内力似乎都受到了影响，运转速度更加晦涩艰难，但每转动一圈，产生的内气也更浓了，气液的颜色渐渐朝着微黑色转变。显然是受到了毒雾魔气的影响。
Stage4,CH0287,第287章 火焰（三）,7,突破 提升 推演 融合 特效 强化 得到,crisis,嗝，猛地一吐。 哧的一下，一块漆黑色菱形晶体被他喷出来，晶体边上散发出如同触须般的卷曲魔气。 “这是……”路胜疑惑的抓起菱形晶体。 这是他吃掉蛇豹后，留在肚子里极少数不能被消化的物质。 他捏起晶体，拿近一些仔细研究。 唰！ 猛然间，晶体内一下睁开密密麻麻无数惨白眼睛。 数百只眼球陡然盯住路胜，就算是他，也心头微微一顿。
Stage4,CH0272,第272章 注定的毁灭（二）,6,提升 推演 特效 强化 成功 得到,reversal,转化后的元魔气，比原先精纯了不少。 这样精纯的元魔气一出现，顿时身体的所有细胞，都如同沙漠中缺水的饥渴旅人一般，疯狂抢夺吞噬。 刚刚转化出一股元魔气，便马上被争抢殆尽。 “再来！”寄神力才消耗十个单位，路胜大喜之下继续提升。 他伸出手，一小团绿色火焰在他手心燃烧起来。这便是阴火，元魔宗所有秘术的根基，转化元魔气的关键。
Stage4,CH0288,第288章 火焰（四）,6,突破 提升 推演 融合 特效 得到,crisis,浮现着紫色烟气，将黑球包裹其中。 这是路胜刚才一刀斩下，这一层所有魔物死亡后残留的魔元。八首魔极道杀死生物后，都会转化其生命力化为魔元，只是如今路胜一刀杀死的魔物太多太多。 密密麻麻数百，上千的黑线不断飞来，落入他手心。 纯紫色岩浆之上，遮天蔽日的黑线万流归宗般汇聚到一点。汇聚到他右掌。 仿佛他便是掌握这一切的……神！
Stage4,CH0308,第308章 秘辛（二）,6,突破 提升 融合 特效 强化 成功,crisis,灭之门。魔界之门通往魔界，痛苦之门通往一个充满痛苦之地，传说那里没有快乐，没有一切正面情绪。能够感受到的，只有痛苦。而最后的毁灭之门，我也不清楚。只是看过记载，大概知道那是打开就会释放毁灭的地方。那里有着一切的禁忌，传说当世间的某种物质，某种东西积累到一定程度时，就会有神秘存在觉醒，打开毁灭之门，净化一切，重塑一切。”
Stage4,CH0273,第273章 注定的毁灭（三）,5,提升 特效 强化 成功 得到,reversal,又被外界源源不断吞噬吸收的魔气所弥补。 毒雾之河内，以路胜为中心，整个小湖浮现出一个不大不小的缓慢漩涡。 几条巨蛇胆怯的在外围游弋着，不时发出不安的低吼。自从上次被路胜活撕了一条同伴后，它们一看到路胜到来，便每次都躲得远远的。 原本它们以为路胜每次就喝点水就离开，却没想到这趟和有一次一样，居然喝水喝到湖水都开始下降了。
Stage4,CH0278,第278章 注定的毁灭（八）,5,提升 推演 融合 特效 强化,reversal,画卷缓缓朝前飞扑出去。迎向远处飞来的无以计数黑色魔物洪流。 “是上阳家的天月山水大阵！画师居然全员出动了！”白修神色一凝。 “那是……”黄复却是看到了远处天空密密麻麻如同墨汁般的魔物群。 “魔灾……！”白修也面色一下惨白无比。 在那无数魔物之间，漆黑如墨的阵型中，隐隐有着两只巨大银灰色眼眸，正透过空间凝视着整个白铃城。
Stage4,CH0358,第358章 重要之人（二）,5,突破 提升 特效 得到 奖励,reward,，那么无论如何，都必须找到。” 路胜双眼四处扫视缚灵宗队伍。 “为防她漏掉，必须先找一个所有人都必须经过的地方拦截。” “为防她易容伪装，最好把所有遇到的人都打残，之后慢慢检查。” 似乎感觉这工作量有些浩大，路胜皱了皱眉。 他最后扫了眼缚灵宗方向，已经决定直接从三宗的休息点下手。 “祈祷吧……祈祷我提前找到想找之人。”
Stage4,CH0228,第228章 极限与法（四）,5,提升 融合 特效 强化 成功,crisis,？”之前一直锻炼着身体的细微肌肉组织。原来是一直在为此刻做准备。 血肉海螺很快成型。 路胜试着调动魔气，从上方灌入。 呼…… 就在此时，他自己也没注意到，周围身边，大量的毒雾之河河水狠狠一颤，一圈圈震荡般的波纹，以他为中心，朝着四面八方蔓延扩散开来。 一种幽深的，如同来自黑暗深处海潮的声音，从他体内的海螺中，传递出来。
Stage4,CH0263,第263章 局面（一）,5,突破 提升 强化 成功 得到,crisis,去平衡，单手在地面上空翻了几次，才落地站稳。 但那鞭子居然依旧缠在他腿上无法解脱。 “老娘隐藏了这么久，可就是等的这个机会……”银子站起身冷笑，“一旦被我的冰印蛇缠住身体，就算你挣脱鞭子束缚，一身实力也会被下降到了一个难以忍受的程度。” 她握紧手里的鞭子，脸色凶恶起来。 “现在，给老娘去死！！”银子和孙梦同时冲向画师。
Stage4,CH0268,第268章 大难（四）,5,提升 推演 融合 特效 得到,crisis,有些莫名伤感。 “好了，回去吧。”枯瘦人影叹了口气，淡淡道。 “是……” 轰隆…… 高达数十米的巨大灯塔，缓缓颤动起来，整个灯塔从两侧伸出四条岩石手臂，撑住地面站起身。 这个巨大的灯塔，居然只是一个庞大如巨猿的恐怖怪物的头颅。 巨猿的下半身，其实就是被海浪不断击打的黑色山崖。它低吼一声，带着枯瘦黑影，转身朝着远处离去。
Stage4,CH0274,第274章 注定的毁灭（四）,5,提升 推演 融合 特效 强化,crisis,快挖！”路胜不耐烦起来。 忿怒之狮虚弱的爬起身，畏惧的看了他一眼，只能一瘸一拐的继续加入前面挖土的行列。 都说阴魔无法控制，路胜觉得那只是没找对方法。 石穴仿佛无穷无尽，路胜也不知道挖了多久，但以他的速度，起码有了数万米，石穴通道的水流也终于慢慢减少了，通道越来越空。 前面两侧石壁逐渐浮现赤红色微光，仿佛被烧红的烙铁。
Stage4,CH0280,第280章 注定的毁灭（十）,5,提升 推演 特效 强化 成功,crisis,。 其实就是魔体全部到了最顶尖，修无可修的程度。 最后的第四境，反元归流，是修改器推演出来，但由路胜命名的特殊境界。修改器推演到了这一境界后，路胜全身的血肉骨骼，大部分都逐渐演变成，和魔元极度契合的特殊结构。 这种结构极容易膨胀和缩小，并且无论是物理防御，还是对火焰，对剧毒之类的抗性都要比原先单纯的人类细胞时轻松许多。
Stage5,CH0389,第389章 再见（一）,7,突破 提升 推演 融合 特效 强化 得到,reversal,。 路胜抬起右手，食指微颤，顿时释放出一丝丝阳元。 白银色的阳元先在他指尖转化为金色的千阳宗赤金真气，随即又转化为一大团漆黑色魔元，最后又变换成纯白色的气液液滴。 三大体系，尽皆吸纳。 “完成了……接下来，只要收集神兵魔刃，然后阅读足够多的各类典籍，为下一步的推演提供养分材料即可。” 路胜已经彻底明了了自己以后的道路。
Stage5,CH0457,第456章 第二柱（二）,7,突破 提升 推演 特效 强化 成功 得到,reversal,，可实际上却是能一直不断攀升质变的强大能量。” 路胜视线落在了灵力法方框后面的推演按钮上。那代表寄神力可以推演这个法决，也代表他现有掌握的所有体系中，有能对灵力有助益的方法方式。 “好了……就让我看看，具砚到底想要隐藏这个世界什么样的真相……龙级之后的灵力，有什么秘密。”路胜心头泛起一丝期待。意识精准的点在推演按钮上。
Stage5,CH0428,第428章 源力（二）,6,突破 提升 推演 融合 得到 奖励,reward,。 “许老……您这是……？！” “拿出你的全力来吧，如果能打动我，那你注定就会成为我三圣门的第三圣王。” 老者神色平淡，目光中弥漫着冰冷，柔和，悲哀，和一丝无奈。 李顺溪，其实从最初开始，他便注定要走上这条路，无论挣扎与否，结果其实都一样。 他未来，注定就是要站在三圣门最巅峰的那个位置。就如同他注定得到那块神兵玉一样。
Stage5,CH0479,第478章 连锁（二）,6,突破 提升 推演 融合 成功 得到,reward,了的本体肉身上。 他如今的本体肉身，在很久以前就陷入了无法再提升强度的瓶颈，因为外功硬功功法能够达到的极限，他已经达成了。 再走下去，周围的环境也好，功法也好，都不足以让其更进一步。 但此时这个世界的功法原理，让他看到了一丝另外的曙光。 若是以他的本体，孕育新的生机，让生命更进一步进化质变，那会创造出什么样的强大肉身？
Stage5,CH0362,第362章 重要之人（六）,6,突破 提升 推演 特效 成功 得到,crisis,的白发老者。 “恩。他和之前的弟子不同……”迁蠹苏狞扉微微摇头。 “你把那块石板给他了？”老者诧异道，“以前没见过你这么大方啊？” “怎么可能，我乱画了几下做了块新的而已，死寂石板怎么可能随便给人？” “上边什么内容？” “不记得了，是套普通刀招吧。” “那你要他领悟什么？？”老者无语。 “谁知道呢。”苏狞扉面色冷淡。
Stage5,CH0464,第463章 归一（一）,6,突破 提升 推演 融合 成功 得到,crisis,入其麾下的投奔者，都没有退路可言。 而眼前这位路圣主，其身份不光是边远地区的一大势力霸主，其身上更流动着远光一族的血，虽然他自己并不承认罢了。 更为重要的是，这一位的儿子，路宁，是有着极其纯粹强大的燃烧之血的纯血族人。 当初路宁出生，远光总脉感应到迹象，便急匆匆派人前来，试图将路宁收入族内教养。 却被路胜强硬挡了回去。
Stage5,CH0503,第502章 回归（二）,6,突破 提升 推演 融合 特效 成功,crisis,胁危险。 “不是每个人都能迅速适应不同世界的规则冲突……此事，还得从长计议。”路胜心中将这心思暗藏下去。 天魔世界实在水太深了。 不死的怪异还没搞清楚怎么回事，然后便是天魔本身的体质，还有痛苦世界，魔界，三圣门，邪灵，等等等等，一系列的危险麻烦，都逼迫着这个世界的人族们不得不奋力苦修，否则一个不小心就是人死魂灭的结局。
Stage5,CH0421,第421章 交换（一）,5,提升 推演 特效 成功 得到,reward,再看其余五人，就连最年长的那个所谓的原师兄，也神色紧张，额头见汗，浑身皮肤肌肉紧绷，气息都不稳，更别说正常说话。 其余人也一样紧张得脑袋一片空白，这不只是他们的缘故，也有路胜如今实力强大，回收八首魔极道诸多阴魔后，自然而然弥漫出对下级生物的精神威压。 圣主本身原本不会有这威压，但加上他有着一头能影响精神的阴魔就不同了。
Stage5,CH0469,第468章 谋划（二）,5,突破 提升 推演 融合 得到,reward,有一名同伴，是同宗师姐岳彩，但因为半路遭遇魔修暗算，身受重创，体内中了名为青玉螳螂的阴性剧毒。 在一前辈高人的指点下，两人知道只有至阴至寒属性的青冥玄珠，才能牵引吸出青玉螳螂，救得师姐性命。 杜光赤对师姐岳彩情根深种，当下便远赴海外，顺着高人指点，找到此地。而他身边的姚帘则是对杜光赤心有所属，甘愿随他一起前来寻宝救人。
Stage5,CH0363,第363章 重要之人（七）,5,突破 提升 成功 得到 奖励,crisis,部打通，获得更高分数，之后大家在分出高低看谁能的第一，不是更好？” “想法很好，但宫师姐，您幽铟宗的实力本就比我千阳强，再加上我们什么情况您也应该知晓，不要到时候你们仗着人多势众，争夺莫凌府最强相互助力，那时谁来为我路师兄和长孙师姐考虑？”谢玉琼赶紧出言反驳，虽然宫池比她强很多，但现在有路胜撑着，千阳宗也不惧其他什么。
Stage5,CH0403,第403章 底牌（一）,5,提升 推演 特效 强化 得到,crisis,魔物阵地，居然被彻底杀穿。 “第三组的人，还活着么？”不远处的山丘传来大吼。 琼觞回过头望去，又奋力朝着那处山丘冲杀过去。 魔灾突然降临，朝廷阳明军促手不及下，被突袭碾杀，短短时间损失近半人手，剩下的也趋于崩溃。 迟迟赶到的阴符军无奈之下，组织残军，又派人征调民众中的高手，应付魔灾。 琼觞便是这个情况下，参与进了厮杀。
Stage5,CH0408,第408章 法（二）,5,晋升 提升 推演 融合 得到,crisis,怪，你不该来这里……” “前……前辈……”段泽浑身冷汗狂冒，还想说什么，但已经迟了。 嘭！！ 一点黑光炸开，段泽整个人骤然爆开，身体收缩，如同血球般瞬间四散飞溅。但血肉尸骸还没完全散开，便被一团金光瞬间包裹燃烧，所有血肉转眼便化为大股黑烟。 人影轻轻一吸，将黑烟吸入鼻中，一把握住飞云枪，轻轻一跃，便射入阴影中消失不见。
Stage6,CH0655,第654章 感悟（二）,8,突破 晋升 提升 推演 融合 强化 得到 奖励,crisis,答应你。不过卓振宇必须放弃我卓家的所有继承权。你可以当他是儿子，但法律上和卓家的亲属关系，必须断掉！” “否则，你知道我的手段，我要让你们父子过不下去，有的是手段。而且，一个野种而已，就算死在什么地方角落也不会有人知道。” 卓司庆低头闭上眼，双手抹了把脸。 “好。我答应你。小宇不会和卓家有任何关系，但他永远是我儿子。”
Stage6,CH0695,第694章 迁徙（二）,7,突破 晋升 提升 推演 融合 成功 得到,reward,施肥决：第九层。（特质：万物滋养，肥沃灵光。文明跃迁。）” 三种特质路胜都瞬间便明白其中的作用和用途，都是用在外物周围环境上的。 对自己的提升几乎没有。 “以此为基础，推演一次，希望能融入我所拥有的全部降临精华。” 他心头沉凝，缓缓点下修改器修改按钮。 另外，他也想看看，寄神力到底能不能代替轮回之灵，直接提升功决境界。
Stage6,CH0542,第541章 生命（一）,7,突破 晋升 提升 推演 强化 成功 得到,crisis,现了领主级狼王？你觉醒得真不是时候……不过还是要祝贺你。”远远的一头高五米多的庞大犀牛，在黄色的烟雾里朝这里望了一眼，然后转身回转自己的地盘。 “地龙犀牛王……”白灰嘴唇哆嗦着，这些都是平日里连毒龙使者见到了都只能瑟瑟发抖的强悍存在，此时居然一个个的主动上门祝贺自己的王。 恐惧担忧和巨大的自豪骄傲感在他胸膛里不断冲突。
Stage6,CH0569,第568章 扩散（二）,6,突破 提升 融合 强化 成功 得到,reward,的都做了。已经约定好了卓林毕业后就一起登记结婚。 “这趟倒好，一出来就连找老婆都省了……”路胜哭笑不得，记忆里的于莎，对卓林不是一般的好。 卓林相貌俊美，身材修长，但个性冷峻，不喜欢和人多接触。 于莎容貌勉强算清秀，身材也颇为诱人，但她学历不行，很早便辍学外出打工，每月工资都用来资助卓林学业，对卓林可谓是全心全意付出。
Stage6,CH0541,第540章 隐秘（二）,6,提升 推演 融合 强化 成功 得到,crisis,态，都代表着对寒霜之力的更高级的开发和利用。 “玄水神纹在大阴也能使用，那么是不是意味着，寒霜神纹也能在大阴使用？”路胜忽然想到这点。 “我想我明白该怎么做了……” 他沉默了下，看着视野里的深蓝界面方框。 视线凝聚在寒霜之力修习法上。有了图谱上提供的各种寒霜之力的运用路线方式。他完全可以融合后，形成自己独有的强大图谱。
Stage6,CH0553,第552章 兵主（二）,6,突破 提升 推演 融合 成功 得到,crisis,为自然法则的不同甚至矛盾冲突，一股力量能够原封不动不打折扣的释放出，就算是不错了。 但就是这样，他也很满足了。 半神百首魔狼的三分之一力量，使出的末日吐息，威力绝对已经有他本体全力出手同级的强度。 最重要的是，这是额外的一道力量，不消耗本体。 他完全可以在激战的瞬间，本体全力出手的同时陡然用出。这相当于杀伤力增加一倍！
Stage6,CH0574,第573章 认证（一）,6,突破 提升 推演 融合 强化 得到,crisis,，感情是我等族人最大的阻碍。拥有了感情，你的刀已经不再如曾经那么锋利了……” 身为杀手家族白家的第三排位者，世界顶尖的星辉杀手。白狮在发现了自己大女儿沉沦进爱情后，便断然决定前来进行家族处决。 “杀手，是不该有爱情的……我们葬送了一切，才能换来极致的技艺。才能……不被永恒的黑暗彻底吞没……”白狮眼底闪过一丝深沉的悲哀。
Stage6,CH0581,第580章 筹划（二）,6,提升 推演 融合 强化 成功 得到,crisis,牲三名特种精英，重伤十六人，才勉强将你抓捕归案。84年成功逃狱，在望城制造骇人听闻的血腥惨案，越狱期间伪装身份，在短短两年时日里，前后袭杀，吃掉了七十多人的肝脏。”一个看起来身材匀称，相貌英俊，但气质阴郁的年轻男子，在两个老狱卒的带领下，缓缓走到牢房前，一边说着老巴克年轻时候的辉煌往事。 这人正是才从白金城离开的路胜。
Stage6,CH0604,第603章 血之心（一）,6,突破 提升 推演 强化 成功 得到,crisis,走过来，他也在安排下面的弟子迅速安顿进这片地下宫殿群。 虽然这里已经是破烂废墟了，但好歹也是传承了那么多年的祖地。他心里伤感之余，还是颇为高兴。 “只是在想，宗主现在怎么样了……”端木婉轻声回答。“他安排好了一切，却唯独没有透露自己的行踪。” “小胜不会有事的，我相信他。”六山子笑了笑。“地面上的路府那边安顿好了吧？”
Stage6,CH0645,第644章 触动（二）,6,突破 提升 推演 强化 成功 得到,crisis,樱咽喉处的皮在隆起，似乎有什么细长的东西想要从那里钻出来。 同时无以计数的红色小肉粒迅速蔓延到手上，似乎还想顺着爬到路胜这边。 路胜猛地起身，环顾四周，梅姨不见了，他此时居然已经不在之前的宅院里，而是在一处荒废破旧的废弃花园里。 周围一片死寂，没有护卫，没有侍女，就只有赵盛樱端坐在对面，木然的盯着他，仿佛盯着一具死人。
Stage6,CH0589,第588章 收获（二）,5,突破 提升 融合 强化 成功,reward,间，另外成功率也大幅度提升，而且他们也不是完全沉浸入降临，还要管理大阴的各种事务。” “再加上他们每降临一个世界，都不能保证绝对成功完成因果。” “而我不同，我每个世界都几乎百分百的保证了绝对的成功率。正好，现在来看看这趟降临后的收获。” 他心头微动，嘴巴张开，尖细的舌头缓缓伸出，卷开，露出里面包裹着的一块白金色方块。
Stage6,CH0662,第661章 迷境（一）,5,突破 晋升 提升 成功 得到,reward,力便开始发生新的变化。 神魂总量再度开始增加，质量也有了不同提升。 路胜知道，这就是所谓的迷境变化了。从兵主到迷境，是从星球内到星际之间的过渡升华。 自然不会是瞬间完成。 而且因为他心相世界里的其他规则大多都接近了徽记程度。整个世界越发完善起来，恍惚看起来，就和外界世界没多大区别。 这就导致他的心相世界的结构极其稳固。
Stage7,CH0712,第711章 格局（一）,6,突破 晋升 提升 推演 强化 成功,reward,材料，成本不高……” 商人在下面滔滔不绝的汇报情况。 路胜却是缓缓从口鼻里喷出一股紫色的纯净魔力烟雾。 他来到这处地方已经好几年了，也成功突破到了七级法师层次。 信不过再往后他也没继续突破了。 而是依靠现在掌握的法术，开始深挖模型，同时利用深蓝不断推演。 在他看来，更高的施法法术，不过是三级之内所有术法的延伸强化运用。
Stage7,CH0866,第865章 再次（一）,6,突破 晋升 提升 推演 强化 得到,reward,桌上的果汁轻轻抿了口。同时间精神力以手上的第六器官为中心，猛地朝着四面八方狂扫而去。 他的精神力似乎有沾染到了自己所化之风的特性，隐蔽力超强。 庞大的精神力一瞬间便如同蛛网般，覆盖了整个密斯卡大学。 整个学校学区，所有的一切，学生，导师，教授，甚至院长们，的一举一动，路胜都了如指掌。 唯独三处地方。他的精神力无法触及。
Stage7,CH0709,第708章 苦修（二）,6,提升 推演 强化 成功 得到 奖励,question,红色元素。 “一个包一发，放完就需要重新充能么？”路胜瞬间明白了深蓝的解决办法。 他看了看自己胸口，想象着自己到时候对付敌人时，应该怎么放。 “这个压根就是把法术修改成了功法了啊……”路胜彻底无奈了。 推演一个法术就是一个包，那他推演十个法术，那不就是十个包？ 一百个法术难道就是一百个包？？！ 而且胸口长肉包什么的……
Stage7,CH0710,第709章 独立（一）,5,突破 提升 推演 成功 得到,reversal,龙存活，能继续安稳繁衍下去，应该就能轻松满足因果需求。” 这个世界因为有神，太过锋芒毕露，不利于隐藏身份，更有可能惹来不知实力有多强的强大对手。 在不知道世界上限的时候。 路胜不打算疯狂壮大七彩龙，而只是选择隐藏身份实力，到处收集寄神力，同时在七彩龙面对关键时机时，出手帮一把就行。 “收拾好了么？”洞外传来莎莉的声音。
Stage7,CH0786,第785章 斗殴（一）,5,提升 推演 特效 强化 得到,reversal,这个正派大派名头还是颇为响亮的，也有足够大的份量。 这样的名字拿出去，也足以震慑一些日常琐碎的麻烦和宵小。一些牛鬼蛇神土匪恶霸之类，如果一个不小心搞到了正式弟子头上，那就只能等着回头被这些名门正派高手们行侠仗义了。 所以此时听到这师弟说出事了，居然还有人敢在这叶山剑派的地盘里，和叶山剑派的门人起冲突。 这就十分奇怪了。
Stage7,CH0713,第712章 格局（二）,5,突破 提升 推演 强化 成功,crisis,能站起来。”路胜眼中的欣赏之意更浓了。 “你……到底是谁！！？”金发女子惊怒交加的盯着路胜。她不相信，区区一头幼龙就能有这么强大的实力？ “我？”路胜停下脚步。“很久以前，有人称呼我魔影。拳帝魔影。” “拳……帝！！？” 金发女子心头一颤，这个世界没有这种称呼外号，但光光只是听到这个名词，她也能体会出其中的霸道和杀意。
Stage7,CH0717,第716章 筹划（二）,5,突破 提升 推演 成功 得到,crisis,这一次如果再吃头深渊领主，或许…… 其实原本他是想袭杀半神强者，这类强者拥有神性，但没有点燃神火，更没有神格。就算偷偷吃几个，也不会引起整个神系的警觉。 但后来在发觉了半神和各大神系之间千丝万缕的联系后，路胜便转而看向了深渊。 如果能够彻底解放他本体的实力，那么他完全有可能利用心相世界吃掉整个深渊，获得无法想象的利益。
Stage7,CH0790,第789章 突变（一）,5,突破 提升 推演 强化 得到,crisis,对眼前这个号称不断血洗七山武盟大派的绝世高手，两人连带着身后弟子都感觉心惊胆战。 一些胆子小的更是浑身乏力，握着剑柄的手已经满是汗水。 “拜山，试剑，可以开始了吧？”王侯忠略微有些不耐烦。 他虽然碍于某人的面子，耐着性子给予了叶山剑派这么大的尊重，但这已经是他能够给出的极限了。他的时间很宝贵，可不是拿来站在这里浪费的。
Stage7,CH0812,第811章 初试（一）,5,突破 提升 强化 成功 奖励,crisis,被子弹打烂的伤口在一团血水的包裹中，迅速蠕动，愈合。 他双眼里透出一丝人性化的眼神，左右扫视了一眼周围，又动作飞快的朝着其他方向的警员分队扑去。 “祭品……需要更多！更多！！” 很快，又是两个不敢进林子深处的警员纷纷传来短促惨叫，枪声惊动了其余在外围巡逻的警员。 有人惊恐的想逃，但很快便被黑熊追上，几下扑杀便没了声音。
Stage7,CH0899,第898章 追踪（二）,5,提升 推演 强化 成功 得到,crisis,。 嘭！！！ 金光化为无数金色花纹，如同蛛网般覆盖在路胜全身上下。 路胜整个人骤然崩碎，化为无数金色光点，身后三面长尾的庞大黑影一闪即逝。 吼！！！ 恐怖的低吼声缓缓震荡开，冥罗庞大之极的强悍气息泄露了一丝，随即便急速涌入另一个空间，消失不见。 光点渐渐淡化消散。 只剩下所有紫晶花海，如同海底珊瑚般缓缓飘摇，美不胜收。
Stage7,CH0913,第912章 朱雀（二）,5,突破 提升 推演 成功 得到,crisis, “说起来前辈能否说说，那朱雀火鸟到底所犯何事？”路胜好奇道。 “那孩子不知天高地厚，居然屠了巫族的一个大巫部落……”雨萱叹息道。 嘭！！ 路胜顿时大惊，一掌狠狠拍在面前桌案上。 “什么！居然如此胆大妄为！屠了一个巫族？！” 他大惊失色，站起身左右踱了几圈。 “前辈放心，如此干系，晚辈必定助你将其捉拿归案！以儆效尤！”
Stage7,CH0916,第915章 南明长生录（一）,5,提升 推演 融合 特效 强化,crisis,本体也有巨大好处时，路胜便已经想到会有这么一刻。 但此时当这一刻真正到来时，他才感觉心里空落落的。 “那么多啊……那么多的寄神力……居然全用完了……”他伸出双手。 整个手臂上全部都凝结了一层厚厚的灰色石壳。 这是死气热流凝聚而成的灰色物质。只是因为太多太多了，导致整个洞穴也有些装不下，甚至到最后只能粘在他毛孔皮肤表面。
Stage8,CH1109,第1108章 平视（二）,6,突破 提升 推演 融合 强化 得到,crisis,角也碰不到。 连续又是数拳打在一个位置。终于，咔嚓一声，巨剑掉落在地。被路胜一把捡起来抓在手里。 “无声暗杀剑。”路胜捏住剑刃边缘，一手紧握剑柄，迎着扑来的白骑士刹那间一剑挥出。 哧！ 无声无息间，剑刃带着细微的颤动，诡异的避开扑击，狠狠切入白骑士胸膛的铠甲中。 巨剑几乎切进去了三分之一宽度，暗红的血水从铠甲缝隙渗出。
Stage8,CH0979,第978章 通灵本质（二）,5,提升 推演 强化 成功 得到,reward,。 但有总比没有好。 不知道有多少通灵人组织，修行的功法压根就没有一个能成就降神者。 有没有降神者，这是区分中型势力和大型势力最主要的区别。 “移山化灵功一共八层，每修成一层，完成一次魂力质变，同时魂力总量提升为原本的两倍。” 路胜感受了下肉身，还行，之前的基础很牢，在第七的滋养下，负荷没问题。 “先来个几层试试看。”
Stage8,CH0989,第988章 幕后（二）,5,突破 提升 推演 强化 得到,reward,宇宙。 而且所谓的宇宙意识，也不会是针对他一个，而应该是针对他们这一个群体。 宇宙意识按照天魔界的分析，应该是模糊化的，是大面积的影响干涉。 就像人不能自由的控制自己身体内的每一个细胞一样。 他们顶多能做锻炼，来引导自己的身体，从整个大方向上得到提升强化。 而不是某个内脏发生病变，我要控制这个部分，调集免疫系统消灭它。
Stage8,CH1168,第1167章 下落（一）,5,突破 提升 融合 成功 得到,reward,料。一切都不用担心。” “是吗……？这样我就放心了……”狄恩微微放下了一点担忧。 毕竟英雄联会不光有A级英雄，还有最强的十位S级。虽然英雄不是听命于联会，但他们有太多办法撬动英雄们的力量了。 “对了，上次您让我帮忙寻找的两个人。我前些天，得到了一点线索。”狄恩忽然又道。 “恩？”路胜一怔，他在四大神教没有得到任何信息。
Stage8,CH0943,第942章 秘密（二）,5,突破 提升 融合 成功 得到,crisis,到了太阳星宫内弥漫而出的庞大寄神力气息。 他如今本体和朱雀圣体融合，在邪神界世界源力的作用下，浑然一体，实力大增。 但依旧没有超脱出冥罗御主这个境界层次。若是仔细算起来，他应该是冥罗中强得变态的那个层面。 对于这点，路胜并不满意，特别是在得知冥罗之上还有死星层次之后，他便更加迫切的想要提升自我。 要提升，寄神力不能少。
Stage8,CH0999,第998章 极限（二）,5,突破 提升 融合 成功 得到,crisis,秘籍，全部都只是提到冥罗，其余就再没有后续了。 路胜自己很清楚，他虽然外形狰狞，但本质上，依旧还是不折不扣的人族。灵魂上的成分就是这个。 也就是说，他也极有可能会出现所谓的生灵极限，种群极限。 而现在他的冥罗神魂，已经相当于一般同级别的数千倍之巨，可还是没办法突破质变。 这或许也变相的表明了这点，人族都是有生灵极限的。
Stage8,CH1016,第1015章 扩散（一）,5,突破 提升 强化 上交 统管,crisis,量从腿部，腰部，再到右拳，尽数集中到一点。狠狠打在青年双掌上。 嘭！！！ 白安义的拳头只感觉接触到了薄薄的一层膜，然后波的一下，就破掉了。 然后就听到一阵咔嚓噼啪的断裂声。 “大……大哥！！？？大哥你怎么啦！！你醒醒啊大哥！！” 数秒钟后，别墅里传出一声惊恐的悲呼。 “大哥你的胸骨怎么碎了！！？？天呐，快来人救命！！”
Stage8,CH1139,第1138章 融合与万物（二）,5,突破 提升 推演 融合 成功,crisis,如今，已经到了无论如何隐藏都没用的地步。 “时机，差不多了……”他这半年来，也不是什么都没做。 未见之手给了他太多的可能和灵感。 而随着段位不断提升的同时，另一个能力幻灭之躯，也让他真正将自身连同本体的全部一切，融合为一。 那种灰雾之力，便是将一切融合的纽带。 可惜的是，这个世界，快要终结了。他也没有时间再继续推演了。
Stage8,CH1192,第1191章 谋划（一）,5,突破 融合 强化 成功 得到,crisis,正朝我们发难……”若琳带着一丝忧虑道。 “仅凭现在的钢铁姐妹会，自然不是他们的对手，不过，如果我们能真正的得到混沌魔氏族的支持呢？”路胜微笑起来。 这才是他真正的目的。 他开发的数学网，水银之血，都是为了这个目的服务。 水银之血能够将人改造成最适合接引混沌魔反虚空生物的体质。 所以只要他真正放开限制，大量召唤混沌魔……
Stage8,CH1005,第1004章 平和（二）,5,突破 推演 融合 得到 大帝,question,。”他笑着打趣道。 嘭。 路胜一巴掌打得他抬不起头。 “没大没小！老大的事情是你能随便谈论的吗？” 班赛苦着脸赶紧站起身躲远点。 “算了，给我安排去这三处的飞船，订好时间通知我。你们嫂子有自己的事业，不跟我回来，没事正好去散散心。” 路胜一直在外宇宙乱晃，很少在天魔界本地活动，这趟出去散散心也好。看看能不能捞点寄神力。
Stage8,CH1114,第1113章 新教（一）,5,提升 推演 融合 强化 得到,question,。 “否则会被下降人种阶层，到最后，会彻底沦为奴隶被人贩卖。如果连买你的人也没有，那么你就会被拉去做肉猪。”杰克逊平淡道，但语气里依旧隐隐流露出一丝厌恶和愤怒。 说到底，他还是个才三十岁的年轻男人，一个有良知的正常人。 “这个制度简直就是罪恶！”一旁的卡菲忍不住愤怒道。“已经彻底将人最后的自尊尊严全都抛掉！简直混蛋！”
Stage8,CH0933,第932章 角力（二）,4,融合 强化 成功 得到,reward,其中混沌平衡，才能将其吸收炼化。 只是这样的效率极低，也就是说，路胜苦修打磨消耗十万个单位的朱雀神火和邪神力，才能勉强炼化一个单位的世界源力。 只是对他而言，只要能撬动，对于深蓝，唯一的问题就是寄神力的多少而已。 按照他的判断预估，这世界源力，恐怕就是和这方宇宙中的鸿蒙紫气一样的强大能量。 不赶紧拿到，那就真的浪费了。
